Data de Medição,VALE - ITABIRA,n,n,n,n,n,n,n,n,n,n,n,n,n,n,n,n,n,n,n,n,n,n,n,n,n,n,n,n,n,n,n,n,n,n,n,n,n,n,n,n,n,n,n,n,n,n,n
n,EAMA11,n,n,n,n,n,n,n,n,n,n,n,EAMA21,n,n,n,n,n,n,n,n,n,n,n,EAMA31,n,n,n,n,n,n,n,n,n,n,n,EAMA41,n,n,n,n,n,n,n,n,n,n,n
n,Qualidade do Ar,n,n,n,n,n,n,n,n,n,n,n,Qualidade do Ar,n,n,n,n,n,n,n,n,n,n,n,Qualidade do Ar,n,n,n,n,n,n,n,n,n,n,n,Qualidade do Ar,n,n,n,n,n,n,n,n,n,n,n
n,Ar Ambiente,n,n,n,n,n,n,n,n,n,n,n,Ar Ambiente,n,n,n,n,n,n,n,n,n,n,n,Ar Ambiente,n,n,n,n,n,n,n,n,n,n,n,Ar Ambiente,n,n,n,n,n,n,n,n,n,n,n
n,Partículas Totais em Suspensão,n,n,n,Partículas Inaláveis (<10µm),n,n,n,Partículas Inaláveis <2.5µm,n,n,n,Partículas Totais em Suspensão,n,n,n,Partículas Inaláveis (<10µm),n,n,n,Partículas Inaláveis <2.5µm,n,n,n,Partículas Totais em Suspensão,n,n,n,Partículas Inaláveis (<10µm),n,n,n,Partículas Inaláveis <2.5µm,n,n,n,Partículas Totais em Suspensão,n,n,n,Partículas Inaláveis (<10µm),n,n,n,Partículas Inaláveis <2.5µm,n,n,n
n,"//3,0 m",n,Médias de  Simples,n,"//3,0 m",n,Médias de  Simples,n,"//3,0 m",n,Médias de  Simples,n,"//3,0 m",n,Médias de  Simples,n,"//3,0 m",n,Médias de  Simples,n,"//3,0 m",n,Médias de  Simples,n,"//3,0 m",n,Médias de  Simples,n,"//3,0 m",n,Médias de  Simples,n,"//3,0 m",n,Médias de  Simples,n,"//3,0 m",n,Médias de  Simples,n,"//3,0 m",n,Médias de  Simples,n,"//3,0 m",n,Médias de  Simples,n
n,Rotina,n,Rotina,n,Rotina,n,Rotina,n,Rotina,n,Rotina,n,Rotina,n,Rotina,n,Rotina,n,Rotina,n,Rotina,n,Rotina,n,Rotina,n,Rotina,n,Rotina,n,Rotina,n,Rotina,n,Rotina,n,Rotina,n,Rotina,n,Rotina,n,Rotina,n,Rotina,n,Rotina,n
Data,Valor [µg/m3],Flag,Valor [µg/m3],Flag,Valor [µg/m3],Flag,Valor [µg/m3],Flag,Valor [µg/m3],Flag,Valor [µg/m3],Flag,Valor [µg/m3],Flag,Valor [µg/m3],Flag,Valor [µg/m3],Flag,Valor [µg/m3],Flag,Valor [µg/m3],Flag,Valor [µg/m3],Flag,Valor [µg/m3],Flag,Valor [µg/m3],Flag,Valor [µg/m3],Flag,Valor [µg/m3],Flag,Valor [µg/m3],Flag,Valor [µg/m3],Flag,Valor [µg/m3],Flag,Valor [µg/m3],Flag,Valor [µg/m3],Flag,Valor [µg/m3],Flag,Valor [µg/m3],Flag,Valor [µg/m3],Flag
2025-05-01 00:30:00,19,n,n,n,14,n,n,n,9,n,n,n,17,n,n,n,n,n,n,n,8,n,n,n,11,n,n,n,12,n,n,n,8,n,n,n,12,n,n,n,6,n,n,n,7,n,n,n
2025-05-01 01:30:00,12,n,n,n,11,n,n,n,7,n,n,n,20,n,n,n,n,n,n,n,n,n,n,n,13,n,n,n,11,n,n,n,11,n,n,n,17,n,n,n,7,n,n,n,16,n,n,n
2025-05-01 02:30:00,14,n,n,n,12,n,n,n,3,n,n,n,17,n,n,n,n,n,n,n,7,n,n,n,12,n,n,n,11,n,n,n,11,n,n,n,17,n,n,n,6,n,n,n,5,n,n,n
2025-05-01 03:30:00,17,n,n,n,16,n,n,n,5,n,n,n,19,n,n,n,n,n,n,n,6,n,n,n,19,n,n,n,14,n,n,n,14,n,n,n,19,n,n,n,3,n,n,n,5,n,n,n
2025-05-01 04:30:00,17,n,n,n,14,n,n,n,9,n,n,n,20,n,n,n,n,n,n,n,7,n,n,n,17,n,n,n,18,n,n,n,10,n,n,n,22,n,n,n,6,n,n,n,6,n,n,n
2025-05-01 05:30:00,20,n,n,n,18,n,n,n,6,n,n,n,24,n,n,n,n,n,n,n,6,n,n,n,13,n,n,n,18,n,n,n,12,n,n,n,16,n,n,n,13,n,n,n,7,n,n,n
2025-05-01 06:30:00,79,n,n,n,19,n,n,n,2,n,n,n,25,n,n,n,n,n,n,n,6,n,n,n,26,n,n,n,16,n,n,n,9,n,n,n,16,n,n,n,12,n,n,n,5,n,n,n
2025-05-01 07:30:00,17,n,n,n,13,n,n,n,3,n,n,n,51,n,n,n,n,n,n,n,12,n,n,n,28,n,n,n,17,n,n,n,16,n,n,n,19,n,n,n,14,n,n,n,8,n,n,n
2025-05-01 08:30:00,8,n,n,n,10,n,n,n,6,n,n,n,56,n,n,n,n,n,n,n,12,n,n,n,17,n,n,n,22,n,n,n,10,n,n,n,14,n,n,n,7,n,n,n,6,n,n,n
2025-05-01 09:30:00,16,n,n,n,12,n,n,n,8,n,n,n,28,n,n,n,n,n,n,n,6,n,n,n,19,n,n,n,20,n,n,n,10,n,n,n,11,n,n,n,6,n,n,n,9,n,n,n
2025-05-01 10:30:00,43,n,n,n,17,n,n,n,6,n,n,n,51,n,n,n,n,n,n,n,7,n,n,n,25,n,n,n,14,n,n,n,11,n,n,n,17,n,n,n,13,n,n,n,9,n,n,n
2025-05-01 11:30:00,34,n,n,n,16,n,n,n,6,n,n,n,45,n,n,n,n,n,n,n,8,n,n,n,19,n,n,n,18,n,n,n,20,n,n,n,23,n,n,n,8,n,n,n,8,n,n,n
2025-05-01 12:00:00,n,n,25.2,VM,n,n,15.2,VM,n,n,7.4,VM,n,n,34.6,VM,n,n,n,n,n,n,9,VM,n,n,24.7,VM,n,n,21.3,VM,n,n,13.8,VM,n,n,17.2,VM,n,n,9.6,VM,n,n,8.8,VM
2025-05-01 12:30:00,20,n,n,n,6,n,n,n,7,n,n,n,32,n,n,n,n,n,n,n,9,n,n,n,21,n,n,n,13,n,n,n,11,n,n,n,16,n,n,n,7,n,n,n,9,n,n,n
2025-05-01 13:30:00,15,n,n,n,10,n,n,n,7,n,n,n,38,n,n,n,n,n,n,n,7,n,n,n,17,n,n,n,11,n,n,n,12,n,n,n,12,n,n,n,5,n,n,n,8,n,n,n
2025-05-01 14:30:00,13,n,n,n,10,n,n,n,7,n,n,n,29,n,n,n,n,n,n,n,11,n,n,n,17,n,n,n,18,n,n,n,9,n,n,n,12,n,n,n,7,n,n,n,7,n,n,n
2025-05-01 15:30:00,14,n,n,n,15,n,n,n,7,n,n,n,33,n,n,n,n,n,n,n,11,n,n,n,15,n,n,n,11,n,n,n,12,n,n,n,14,n,n,n,9,n,n,n,9,n,n,n
2025-05-01 16:30:00,20,n,n,n,14,n,n,n,12,n,n,n,34,n,n,n,n,n,n,n,9,n,n,n,23,n,n,n,20,n,n,n,14,n,n,n,16,n,n,n,8,n,n,n,12,n,n,n
2025-05-01 17:30:00,24,n,n,n,11,n,n,n,7,n,n,n,53,n,n,n,n,n,n,n,9,n,n,n,n,n,n,n,n,n,n,n,n,n,n,n,20,n,n,n,7,n,n,n,13,n,n,n
2025-05-01 18:30:00,31,n,n,n,18,n,n,n,8,n,n,n,41,n,n,n,n,n,n,n,12,n,n,n,60,n,n,n,66,n,n,n,14,n,n,n,n,n,n,n,n,n,n,n,n,n,n,n
2025-05-01 19:30:00,41,n,n,n,27,n,n,n,13,n,n,n,57,n,n,n,n,n,n,n,16,n,n,n,60,n,n,n,44,n,n,n,30,n,n,n,28,n,n,n,18,n,n,n,12,n,n,n
2025-05-01 20:30:00,34,n,n,n,22,n,n,n,12,n,n,n,41,n,n,n,n,n,n,n,n,n,n,n,46,n,n,n,34,n,n,n,22,n,n,n,24,n,n,n,22,n,n,n,14,n,n,n
2025-05-01 21:30:00,38,n,n,n,23,n,n,n,8,n,n,n,42,n,n,n,n,n,n,n,9,n,n,n,40,n,n,n,39,n,n,n,23,n,n,n,20,n,n,n,13,n,n,n,12,n,n,n
2025-05-01 22:30:00,26,n,n,n,16,n,n,n,6,n,n,n,31,n,n,n,n,n,n,n,8,n,n,n,25,n,n,n,22,n,n,n,14,n,n,n,17,n,n,n,8,n,n,n,9,n,n,n
2025-05-01 23:30:00,32,n,n,n,20,n,n,n,14,n,n,n,27,n,n,n,n,n,n,n,11,n,n,n,25,n,n,n,20,n,n,n,14,n,n,n,14,n,n,n,16,n,n,n,6,n,n,n
2025-05-02 00:30:00,30,n,n,n,19,n,n,n,5,n,n,n,28,n,n,n,n,n,n,n,8,n,n,n,19,n,n,n,19,n,n,n,14,n,n,n,16,n,n,n,14,n,n,n,6,n,n,n
2025-05-02 01:30:00,29,n,n,n,22,n,n,n,9,n,n,n,33,n,n,n,n,n,n,n,12,n,n,n,24,n,n,n,28,n,n,n,17,n,n,n,25,n,n,n,19,n,n,n,11,n,n,n
2025-05-02 02:30:00,22,n,n,n,15,n,n,n,8,n,n,n,35,n,n,n,n,n,n,n,16,n,n,n,20,n,n,n,22,n,n,n,13,n,n,n,27,n,n,n,16,n,n,n,12,n,n,n
2025-05-02 03:30:00,26,n,n,n,23,n,n,n,7,n,n,n,28,n,n,n,n,n,n,n,14,n,n,n,20,n,n,n,17,n,n,n,11,n,n,n,24,n,n,n,17,n,n,n,13,n,n,n
2025-05-02 04:30:00,25,n,n,n,22,n,n,n,12,n,n,n,32,n,n,n,n,n,n,n,12,n,n,n,26,n,n,n,24,n,n,n,16,n,n,n,25,n,n,n,17,n,n,n,12,n,n,n
2025-05-02 05:30:00,21,n,n,n,23,n,n,n,11,n,n,n,42,n,n,n,n,n,n,n,16,n,n,n,26,n,n,n,25,n,n,n,14,n,n,n,31,n,n,n,22,n,n,n,11,n,n,n
2025-05-02 06:30:00,33,n,n,n,28,n,n,n,16,n,n,n,57,n,n,n,n,n,n,n,20,n,n,n,n,n,n,n,n,n,n,n,n,n,n,n,31,n,n,n,18,n,n,n,11,n,n,n
2025-05-02 07:30:00,30,n,n,n,20,n,n,n,2,n,n,n,50,n,n,n,n,n,n,n,17,n,n,n,36,n,n,n,28,n,n,n,9,n,n,n,29,n,n,n,12,n,n,n,11,n,n,n
2025-05-02 08:30:00,26,n,n,n,22,n,n,n,9,n,n,n,45,n,n,n,n,n,n,n,13,n,n,n,25,n,n,n,20,n,n,n,12,n,n,n,14,n,n,n,16,n,n,n,14,n,n,n
2025-05-02 09:30:00,13,n,n,n,8,n,n,n,11,n,n,n,36,n,n,n,n,n,n,n,14,n,n,n,21,n,n,n,18,n,n,n,14,n,n,n,18,n,n,n,12,n,n,n,9,n,n,n
2025-05-02 10:30:00,16,n,n,n,15,n,n,n,12,n,n,n,37,n,n,n,n,n,n,n,12,n,n,n,26,n,n,n,23,n,n,n,16,n,n,n,13,n,n,n,8,n,n,n,9,n,n,n
2025-05-02 11:30:00,21,n,n,n,15,n,n,n,9,n,n,n,38,n,n,n,n,n,n,n,11,n,n,n,22,n,n,n,20,n,n,n,15,n,n,n,14,n,n,n,8,n,n,n,9,n,n,n
2025-05-02 12:00:00,n,n,33.2,VM,n,n,21.8,VM,n,n,10.1,VM,n,n,46.5,VM,n,n,n,n,n,n,13.5,VM,n,n,39.8,VM,n,n,28,VM,n,n,14.9,VM,n,n,32.8,VM,n,n,18.6,VM,n,n,11.5,VM
2025-05-02 12:30:00,20,n,n,n,19,n,n,n,17,n,n,n,27,n,n,n,n,n,n,n,12,n,n,n,22,n,n,n,23,n,n,n,10,n,n,n,16,n,n,n,6,n,n,n,8,n,n,n
2025-05-02 13:30:00,19,n,n,n,12,n,n,n,13,n,n,n,33,n,n,n,n,n,n,n,11,n,n,n,21,n,n,n,18,n,n,n,9,n,n,n,13,n,n,n,6,n,n,n,8,n,n,n
2025-05-02 14:30:00,15,n,n,n,11,n,n,n,8,n,n,n,39,n,n,n,n,n,n,n,8,n,n,n,22,n,n,n,17,n,n,n,8,n,n,n,17,n,n,n,5,n,n,n,11,n,n,n
2025-05-02 15:30:00,15,n,n,n,13,n,n,n,3,n,n,n,53,n,n,n,n,n,n,n,7,n,n,n,33,n,n,n,22,n,n,n,12,n,n,n,31,n,n,n,5,n,n,n,11,n,n,n
2025-05-02 16:30:00,22,n,n,n,10,n,n,n,3,n,n,n,50,n,n,n,n,n,n,n,12,n,n,n,44,n,n,n,34,n,n,n,19,n,n,n,20,n,n,n,8,n,n,n,12,n,n,n
2025-05-02 17:30:00,41,n,n,n,17,n,n,n,6,n,n,n,49,n,n,n,n,n,n,n,11,n,n,n,94,n,n,n,47,n,n,n,17,n,n,n,25,n,n,n,7,n,n,n,7,n,n,n
2025-05-02 18:30:00,53,n,n,n,30,n,n,n,11,n,n,n,45,n,n,n,n,n,n,n,13,n,n,n,110,n,n,n,59,n,n,n,25,n,n,n,70,n,n,n,33,n,n,n,16,n,n,n
2025-05-02 19:30:00,47,n,n,n,25,n,n,n,7,n,n,n,43,n,n,n,n,n,n,n,14,n,n,n,82,n,n,n,42,n,n,n,21,n,n,n,81,n,n,n,51,n,n,n,14,n,n,n
2025-05-02 20:30:00,63,n,n,n,34,n,n,n,11,n,n,n,93,n,n,n,n,n,n,n,19,n,n,n,68,n,n,n,41,n,n,n,22,n,n,n,84,n,n,n,48,n,n,n,13,n,n,n
2025-05-02 21:30:00,75,n,n,n,45,n,n,n,18,n,n,n,83,n,n,n,n,n,n,n,20,n,n,n,69,n,n,n,35,n,n,n,12,n,n,n,69,n,n,n,36,n,n,n,18,n,n,n
2025-05-02 22:30:00,68,n,n,n,37,n,n,n,17,n,n,n,79,n,n,n,n,n,n,n,19,n,n,n,45,n,n,n,28,n,n,n,21,n,n,n,44,n,n,n,29,n,n,n,17,n,n,n
2025-05-02 23:30:00,66,n,n,n,37,n,n,n,17,n,n,n,62,n,n,n,n,n,n,n,13,n,n,n,41,n,n,n,33,n,n,n,16,n,n,n,51,n,n,n,33,n,n,n,13,n,n,n
2025-05-03 00:30:00,72,n,n,n,37,n,n,n,18,n,n,n,64,n,n,n,n,n,n,n,22,n,n,n,47,n,n,n,34,n,n,n,13,n,n,n,64,n,n,n,38,n,n,n,16,n,n,n
2025-05-03 01:30:00,61,n,n,n,36,n,n,n,14,n,n,n,70,n,n,n,n,n,n,n,14,n,n,n,38,n,n,n,33,n,n,n,17,n,n,n,62,n,n,n,34,n,n,n,18,n,n,n
2025-05-03 02:30:00,71,n,n,n,43,n,n,n,17,n,n,n,67,n,n,n,n,n,n,n,11,n,n,n,44,n,n,n,38,n,n,n,11,n,n,n,58,n,n,n,36,n,n,n,17,n,n,n
2025-05-03 03:30:00,59,n,n,n,36,n,n,n,17,n,n,n,72,n,n,n,n,n,n,n,16,n,n,n,51,n,n,n,35,n,n,n,14,n,n,n,56,n,n,n,36,n,n,n,14,n,n,n
2025-05-03 04:30:00,40,n,n,n,30,n,n,n,9,n,n,n,35,n,n,n,n,n,n,n,7,n,n,n,47,n,n,n,31,n,n,n,15,n,n,n,34,n,n,n,23,n,n,n,11,n,n,n
2025-05-03 05:30:00,33,n,n,n,19,n,n,n,9,n,n,n,37,n,n,n,n,n,n,n,9,n,n,n,35,n,n,n,20,n,n,n,16,n,n,n,22,n,n,n,14,n,n,n,8,n,n,n
2025-05-03 06:30:00,40,n,n,n,20,n,n,n,6,n,n,n,58,n,n,n,n,n,n,n,8,n,n,n,32,n,n,n,23,n,n,n,15,n,n,n,20,n,n,n,13,n,n,n,8,n,n,n
2025-05-03 07:30:00,61,n,n,n,24,n,n,n,16,n,n,n,62,n,n,n,n,n,n,n,14,n,n,n,31,n,n,n,23,n,n,n,13,n,n,n,23,n,n,n,14,n,n,n,7,n,n,n
2025-05-03 08:30:00,38,n,n,n,20,n,n,n,12,n,n,n,43,n,n,n,n,n,n,n,12,n,n,n,33,n,n,n,23,n,n,n,14,n,n,n,23,n,n,n,17,n,n,n,11,n,n,n
2025-05-03 09:30:00,36,n,n,n,17,n,n,n,8,n,n,n,32,n,n,n,n,n,n,n,12,n,n,n,24,n,n,n,27,n,n,n,14,n,n,n,14,n,n,n,9,n,n,n,11,n,n,n
2025-05-03 10:30:00,44,n,n,n,22,n,n,n,7,n,n,n,42,n,n,n,n,n,n,n,9,n,n,n,23,n,n,n,25,n,n,n,12,n,n,n,18,n,n,n,11,n,n,n,11,n,n,n
2025-05-03 11:30:00,30,n,n,n,17,n,n,n,8,n,n,n,41,n,n,n,n,n,n,n,12,n,n,n,32,n,n,n,23,n,n,n,11,n,n,n,14,n,n,n,11,n,n,n,11,n,n,n
2025-05-03 12:00:00,n,n,43.4,VM,n,n,23,VM,n,n,10.5,VM,n,n,49.2,VM,n,n,n,n,n,n,12.7,VM,n,n,40.7,VM,n,n,28.9,VM,n,n,15,VM,n,n,30.7,VM,n,n,17.7,VM,n,n,11.6,VM
2025-05-03 12:30:00,21,n,n,n,14,n,n,n,6,n,n,n,28,n,n,n,n,n,n,n,8,n,n,n,16,n,n,n,17,n,n,n,9,n,n,n,17,n,n,n,7,n,n,n,7,n,n,n
2025-05-03 13:30:00,42,n,n,n,14,n,n,n,6,n,n,n,33,n,n,n,n,n,n,n,12,n,n,n,18,n,n,n,19,n,n,n,16,n,n,n,14,n,n,n,5,n,n,n,6,n,n,n
2025-05-03 14:30:00,39,n,n,n,15,n,n,n,8,n,n,n,30,n,n,n,n,n,n,n,11,n,n,n,19,n,n,n,20,n,n,n,10,n,n,n,9,n,n,n,8,n,n,n,8,n,n,n
2025-05-03 15:30:00,20,n,n,n,13,n,n,n,9,n,n,n,29,n,n,n,n,n,n,n,12,n,n,n,24,n,n,n,19,n,n,n,14,n,n,n,17,n,n,n,5,n,n,n,9,n,n,n
2025-05-03 16:30:00,26,n,n,n,14,n,n,n,8,n,n,n,32,n,n,n,n,n,n,n,11,n,n,n,27,n,n,n,16,n,n,n,15,n,n,n,18,n,n,n,7,n,n,n,9,n,n,n
2025-05-03 17:30:00,42,n,n,n,21,n,n,n,12,n,n,n,63,n,n,n,n,n,n,n,11,n,n,n,74,n,n,n,36,n,n,n,14,n,n,n,20,n,n,n,13,n,n,n,9,n,n,n
2025-05-03 18:30:00,41,n,n,n,32,n,n,n,12,n,n,n,59,n,n,n,n,n,n,n,13,n,n,n,89,n,n,n,45,n,n,n,15,n,n,n,25,n,n,n,9,n,n,n,12,n,n,n
2025-05-03 19:30:00,38,n,n,n,22,n,n,n,14,n,n,n,36,n,n,n,n,n,n,n,11,n,n,n,67,n,n,n,42,n,n,n,19,n,n,n,31,n,n,n,13,n,n,n,14,n,n,n
2025-05-03 20:30:00,49,n,n,n,19,n,n,n,9,n,n,n,64,n,n,n,n,n,n,n,14,n,n,n,71,n,n,n,45,n,n,n,24,n,n,n,45,n,n,n,33,n,n,n,18,n,n,n
2025-05-03 21:30:00,49,n,n,n,25,n,n,n,9,n,n,n,66,n,n,n,n,n,n,n,20,n,n,n,49,n,n,n,33,n,n,n,18,n,n,n,39,n,n,n,24,n,n,n,16,n,n,n
2025-05-03 22:30:00,43,n,n,n,20,n,n,n,11,n,n,n,64,n,n,n,n,n,n,n,18,n,n,n,47,n,n,n,36,n,n,n,22,n,n,n,42,n,n,n,20,n,n,n,13,n,n,n
2025-05-03 23:30:00,46,n,n,n,23,n,n,n,8,n,n,n,54,n,n,n,n,n,n,n,17,n,n,n,39,n,n,n,31,n,n,n,19,n,n,n,52,n,n,n,25,n,n,n,14,n,n,n
2025-05-04 00:30:00,39,n,n,n,23,n,n,n,9,n,n,n,58,n,n,n,n,n,n,n,14,n,n,n,38,n,n,n,31,n,n,n,14,n,n,n,44,n,n,n,22,n,n,n,18,n,n,n
2025-05-04 01:30:00,41,n,n,n,29,n,n,n,13,n,n,n,53,n,n,n,n,n,n,n,18,n,n,n,43,n,n,n,27,n,n,n,17,n,n,n,39,n,n,n,23,n,n,n,17,n,n,n
2025-05-04 02:30:00,46,n,n,n,29,n,n,n,9,n,n,n,53,n,n,n,n,n,n,n,14,n,n,n,36,n,n,n,25,n,n,n,18,n,n,n,47,n,n,n,20,n,n,n,14,n,n,n
2025-05-04 03:30:00,38,n,n,n,23,n,n,n,8,n,n,n,39,n,n,n,n,n,n,n,11,n,n,n,33,n,n,n,24,n,n,n,15,n,n,n,34,n,n,n,23,n,n,n,8,n,n,n
2025-05-04 04:30:00,91,n,n,n,36,n,n,n,12,n,n,n,58,n,n,n,n,n,n,n,14,n,n,n,41,n,n,n,35,n,n,n,21,n,n,n,50,n,n,n,27,n,n,n,14,n,n,n
2025-05-04 05:30:00,131,n,n,n,63,n,n,n,11,n,n,n,51,n,n,n,n,n,n,n,13,n,n,n,43,n,n,n,33,n,n,n,16,n,n,n,51,n,n,n,23,n,n,n,9,n,n,n
2025-05-04 06:30:00,105,n,n,n,41,n,n,n,11,n,n,n,94,n,n,n,n,n,n,n,12,n,n,n,43,n,n,n,28,n,n,n,16,n,n,n,46,n,n,n,27,n,n,n,8,n,n,n
2025-05-04 07:30:00,64,n,n,n,26,n,n,n,11,n,n,n,69,n,n,n,n,n,n,n,14,n,n,n,40,n,n,n,34,n,n,n,n,n,n,n,39,n,n,n,25,n,n,n,17,n,n,n
2025-05-04 08:30:00,40,n,n,n,22,n,n,n,12,n,n,n,48,n,n,n,n,n,n,n,19,n,n,n,34,n,n,n,39,n,n,n,n,n,n,n,28,n,n,n,18,n,n,n,12,n,n,n
2025-05-04 09:30:00,31,n,n,n,12,n,n,n,8,n,n,n,29,n,n,n,n,n,n,n,14,n,n,n,26,n,n,n,20,n,n,n,n,n,n,n,23,n,n,n,12,n,n,n,12,n,n,n
2025-05-04 10:30:00,19,n,n,n,16,n,n,n,5,n,n,n,27,n,n,n,n,n,n,n,9,n,n,n,17,n,n,n,19,n,n,n,n,n,n,n,12,n,n,n,13,n,n,n,14,n,n,n
2025-05-04 11:30:00,16,n,n,n,13,n,n,n,11,n,n,n,24,n,n,n,n,n,n,n,11,n,n,n,16,n,n,n,23,n,n,n,1,n,n,n,14,n,n,n,7,n,n,n,9,n,n,n
2025-05-04 12:00:00,n,n,65.3,VM,n,n,32.5,VM,n,n,10.1,VM,n,n,43.3,VM,n,n,n,n,n,n,13.3,VM,n,n,37.2,VM,n,n,27.3,VM,n,n,15.7,VM,n,n,37.5,VM,n,n,20.1,VM,n,n,13.2,VM
2025-05-04 12:30:00,15,n,n,n,14,n,n,n,6,n,n,n,25,n,n,n,n,n,n,n,8,n,n,n,22,n,n,n,18,n,n,n,14,n,n,n,14,n,n,n,7,n,n,n,9,n,n,n
2025-05-04 13:30:00,13,n,n,n,9,n,n,n,6,n,n,n,23,n,n,n,n,n,n,n,9,n,n,n,17,n,n,n,18,n,n,n,13,n,n,n,12,n,n,n,9,n,n,n,9,n,n,n
2025-05-04 14:30:00,35,n,n,n,12,n,n,n,8,n,n,n,26,n,n,n,n,n,n,n,14,n,n,n,21,n,n,n,17,n,n,n,11,n,n,n,16,n,n,n,8,n,n,n,8,n,n,n
2025-05-04 15:30:00,19,n,n,n,13,n,n,n,6,n,n,n,26,n,n,n,n,n,n,n,8,n,n,n,19,n,n,n,16,n,n,n,18,n,n,n,19,n,n,n,9,n,n,n,11,n,n,n
2025-05-04 16:30:00,19,n,n,n,10,n,n,n,6,n,n,n,30,n,n,n,n,n,n,n,n,n,n,n,23,n,n,n,19,n,n,n,11,n,n,n,16,n,n,n,12,n,n,n,12,n,n,n
2025-05-04 17:30:00,18,n,n,n,14,n,n,n,12,n,n,n,41,n,n,n,n,n,n,n,14,n,n,n,44,n,n,n,36,n,n,n,29,n,n,n,27,n,n,n,17,n,n,n,12,n,n,n
2025-05-04 18:30:00,38,n,n,n,18,n,n,n,6,n,n,n,54,n,n,n,n,n,n,n,13,n,n,n,77,n,n,n,45,n,n,n,15,n,n,n,85,n,n,n,20,n,n,n,24,n,n,n
2025-05-04 19:30:00,311,n,n,n,135,n,n,n,16,n,n,n,41,n,n,n,n,n,n,n,17,n,n,n,71,n,n,n,36,n,n,n,19,n,n,n,24,n,n,n,13,n,n,n,12,n,n,n
2025-05-04 20:30:00,151,n,n,n,71,n,n,n,16,n,n,n,43,n,n,n,n,n,n,n,12,n,n,n,65,n,n,n,34,n,n,n,20,n,n,n,28,n,n,n,18,n,n,n,12,n,n,n
2025-05-04 21:30:00,92,n,n,n,50,n,n,n,11,n,n,n,45,n,n,n,n,n,n,n,12,n,n,n,52,n,n,n,29,n,n,n,14,n,n,n,97,n,n,n,50,n,n,n,18,n,n,n
2025-05-04 22:30:00,71,n,n,n,37,n,n,n,13,n,n,n,42,n,n,n,n,n,n,n,17,n,n,n,40,n,n,n,27,n,n,n,14,n,n,n,68,n,n,n,44,n,n,n,17,n,n,n
2025-05-04 23:30:00,124,n,n,n,64,n,n,n,16,n,n,n,41,n,n,n,n,n,n,n,19,n,n,n,33,n,n,n,23,n,n,n,17,n,n,n,67,n,n,n,35,n,n,n,22,n,n,n
2025-05-05 00:30:00,87,n,n,n,50,n,n,n,12,n,n,n,46,n,n,n,n,n,n,n,18,n,n,n,24,n,n,n,25,n,n,n,18,n,n,n,67,n,n,n,44,n,n,n,16,n,n,n
2025-05-05 01:30:00,69,n,n,n,35,n,n,n,8,n,n,n,42,n,n,n,n,n,n,n,12,n,n,n,32,n,n,n,18,n,n,n,16,n,n,n,63,n,n,n,41,n,n,n,22,n,n,n
2025-05-05 02:30:00,98,n,n,n,44,n,n,n,8,n,n,n,37,n,n,n,n,n,n,n,8,n,n,n,27,n,n,n,20,n,n,n,11,n,n,n,51,n,n,n,31,n,n,n,22,n,n,n
2025-05-05 03:30:00,53,n,n,n,30,n,n,n,11,n,n,n,52,n,n,n,n,n,n,n,12,n,n,n,24,n,n,n,22,n,n,n,14,n,n,n,45,n,n,n,31,n,n,n,16,n,n,n
2025-05-05 04:30:00,46,n,n,n,36,n,n,n,9,n,n,n,46,n,n,n,n,n,n,n,16,n,n,n,28,n,n,n,23,n,n,n,10,n,n,n,41,n,n,n,24,n,n,n,14,n,n,n
2025-05-05 05:30:00,45,n,n,n,24,n,n,n,13,n,n,n,42,n,n,n,n,n,n,n,17,n,n,n,39,n,n,n,20,n,n,n,12,n,n,n,46,n,n,n,27,n,n,n,19,n,n,n
2025-05-05 06:30:00,71,n,n,n,35,n,n,n,11,n,n,n,58,n,n,n,n,n,n,n,12,n,n,n,128,n,n,n,64,n,n,n,22,n,n,n,30,n,n,n,27,n,n,n,17,n,n,n
2025-05-05 07:30:00,69,n,n,n,32,n,n,n,9,n,n,n,62,n,n,n,n,n,n,n,14,n,n,n,72,n,n,n,48,n,n,n,16,n,n,n,50,n,n,n,30,n,n,n,22,n,n,n
2025-05-05 08:30:00,42,n,n,n,21,n,n,n,8,n,n,n,54,n,n,n,n,n,n,n,7,n,n,n,33,n,n,n,27,n,n,n,17,n,n,n,24,n,n,n,11,n,n,n,16,n,n,n
2025-05-05 09:30:00,38,n,n,n,19,n,n,n,8,n,n,n,33,n,n,n,n,n,n,n,9,n,n,n,34,n,n,n,29,n,n,n,13,n,n,n,16,n,n,n,7,n,n,n,7,n,n,n
2025-05-05 10:30:00,34,n,n,n,12,n,n,n,9,n,n,n,31,n,n,n,n,n,n,n,7,n,n,n,26,n,n,n,18,n,n,n,13,n,n,n,22,n,n,n,6,n,n,n,12,n,n,n
2025-05-05 11:30:00,36,n,n,n,18,n,n,n,6,n,n,n,n,n,n,n,6,n,n,n,9,n,n,n,24,n,n,n,16,n,n,n,11,n,n,n,18,n,n,n,5,n,n,n,7,n,n,n
2025-05-05 12:00:00,n,n,47.6,VM,n,n,25,VM,n,n,9.4,VM,n,n,55,VM,n,n,n,n,n,n,13.1,VM,n,n,52.6,VM,n,n,33,VM,n,n,15.6,VM,n,n,34.5,VM,n,n,19.3,VM,n,n,13.3,VM
2025-05-05 12:30:00,17,n,n,n,9,n,n,n,7,n,n,n,37,n,n,n,17,n,n,n,12,n,n,n,26,n,n,n,20,n,n,n,14,n,n,n,18,n,n,n,3,n,n,n,8,n,n,n
2025-05-05 13:30:00,17,n,n,n,12,n,n,n,5,n,n,n,44,n,n,n,13,n,n,n,12,n,n,n,25,n,n,n,29,n,n,n,17,n,n,n,17,n,n,n,11,n,n,n,6,n,n,n
2025-05-05 14:30:00,19,n,n,n,9,n,n,n,8,n,n,n,36,n,n,n,16,n,n,n,7,n,n,n,29,n,n,n,14,n,n,n,9,n,n,n,29,n,n,n,12,n,n,n,11,n,n,n
2025-05-05 15:30:00,25,n,n,n,14,n,n,n,11,n,n,n,56,n,n,n,27,n,n,n,8,n,n,n,27,n,n,n,22,n,n,n,12,n,n,n,17,n,n,n,11,n,n,n,11,n,n,n
2025-05-05 16:30:00,37,n,n,n,21,n,n,n,9,n,n,n,61,n,n,n,23,n,n,n,16,n,n,n,n,n,n,n,n,n,n,n,n,n,n,n,27,n,n,n,17,n,n,n,7,n,n,n
2025-05-05 17:30:00,51,n,n,n,26,n,n,n,8,n,n,n,74,n,n,n,31,n,n,n,11,n,n,n,168,n,n,n,88,n,n,n,21,n,n,n,28,n,n,n,9,n,n,n,8,n,n,n
2025-05-05 18:30:00,52,n,n,n,28,n,n,n,7,n,n,n,73,n,n,n,35,n,n,n,17,n,n,n,140,n,n,n,73,n,n,n,25,n,n,n,31,n,n,n,14,n,n,n,8,n,n,n
2025-05-05 19:30:00,27,n,n,n,18,n,n,n,9,n,n,n,93,n,n,n,45,n,n,n,19,n,n,n,93,n,n,n,47,n,n,n,20,n,n,n,53,n,n,n,30,n,n,n,17,n,n,n
2025-05-05 20:30:00,44,n,n,n,18,n,n,n,7,n,n,n,87,n,n,n,46,n,n,n,17,n,n,n,69,n,n,n,39,n,n,n,21,n,n,n,46,n,n,n,24,n,n,n,14,n,n,n
2025-05-05 21:30:00,53,n,n,n,27,n,n,n,13,n,n,n,66,n,n,n,34,n,n,n,19,n,n,n,59,n,n,n,39,n,n,n,11,n,n,n,35,n,n,n,23,n,n,n,17,n,n,n
2025-05-05 22:30:00,62,n,n,n,33,n,n,n,11,n,n,n,73,n,n,n,35,n,n,n,17,n,n,n,47,n,n,n,35,n,n,n,19,n,n,n,24,n,n,n,7,n,n,n,11,n,n,n
2025-05-05 23:30:00,51,n,n,n,30,n,n,n,18,n,n,n,61,n,n,n,31,n,n,n,19,n,n,n,35,n,n,n,24,n,n,n,16,n,n,n,31,n,n,n,19,n,n,n,12,n,n,n
2025-05-06 00:30:00,55,n,n,n,25,n,n,n,14,n,n,n,48,n,n,n,31,n,n,n,18,n,n,n,25,n,n,n,23,n,n,n,12,n,n,n,39,n,n,n,22,n,n,n,18,n,n,n
2025-05-06 01:30:00,40,n,n,n,25,n,n,n,14,n,n,n,49,n,n,n,23,n,n,n,13,n,n,n,24,n,n,n,19,n,n,n,12,n,n,n,33,n,n,n,17,n,n,n,18,n,n,n
2025-05-06 02:30:00,51,n,n,n,22,n,n,n,11,n,n,n,37,n,n,n,27,n,n,n,18,n,n,n,27,n,n,n,23,n,n,n,10,n,n,n,33,n,n,n,19,n,n,n,12,n,n,n
2025-05-06 03:30:00,58,n,n,n,27,n,n,n,14,n,n,n,47,n,n,n,25,n,n,n,12,n,n,n,30,n,n,n,22,n,n,n,13,n,n,n,36,n,n,n,18,n,n,n,16,n,n,n
2025-05-06 04:30:00,45,n,n,n,24,n,n,n,12,n,n,n,46,n,n,n,23,n,n,n,14,n,n,n,33,n,n,n,24,n,n,n,15,n,n,n,31,n,n,n,25,n,n,n,17,n,n,n
2025-05-06 05:30:00,44,n,n,n,21,n,n,n,9,n,n,n,44,n,n,n,24,n,n,n,12,n,n,n,31,n,n,n,20,n,n,n,10,n,n,n,23,n,n,n,12,n,n,n,11,n,n,n
2025-05-06 06:30:00,42,n,n,n,25,n,n,n,12,n,n,n,58,n,n,n,22,n,n,n,14,n,n,n,48,n,n,n,n,n,n,n,n,n,n,n,27,n,n,n,8,n,n,n,8,n,n,n
2025-05-06 07:30:00,35,n,n,n,21,n,n,n,14,n,n,n,53,n,n,n,20,n,n,n,13,n,n,n,58,n,n,n,42,n,n,n,12,n,n,n,36,n,n,n,12,n,n,n,11,n,n,n
2025-05-06 08:30:00,32,n,n,n,19,n,n,n,12,n,n,n,47,n,n,n,22,n,n,n,16,n,n,n,45,n,n,n,30,n,n,n,16,n,n,n,28,n,n,n,16,n,n,n,13,n,n,n
2025-05-06 09:30:00,43,n,n,n,26,n,n,n,11,n,n,n,42,n,n,n,19,n,n,n,11,n,n,n,34,n,n,n,20,n,n,n,16,n,n,n,29,n,n,n,12,n,n,n,11,n,n,n
2025-05-06 10:30:00,38,n,n,n,19,n,n,n,8,n,n,n,43,n,n,n,16,n,n,n,8,n,n,n,27,n,n,n,22,n,n,n,14,n,n,n,19,n,n,n,7,n,n,n,12,n,n,n
2025-05-06 11:30:00,34,n,n,n,16,n,n,n,8,n,n,n,44,n,n,n,17,n,n,n,11,n,n,n,23,n,n,n,11,n,n,n,11,n,n,n,18,n,n,n,6,n,n,n,9,n,n,n
2025-05-06 12:00:00,n,n,38.9,VM,n,n,20.3,VM,n,n,9.5,VM,n,n,47.2,VM,n,n,n,n,n,n,12.2,VM,n,n,37.5,VM,n,n,25.4,VM,n,n,15.3,VM,n,n,26.8,VM,n,n,13,VM,n,n,11.6,VM
2025-05-06 12:30:00,25,n,n,n,18,n,n,n,8,n,n,n,36,n,n,n,17,n,n,n,8,n,n,n,30,n,n,n,16,n,n,n,12,n,n,n,17,n,n,n,6,n,n,n,12,n,n,n
2025-05-06 13:30:00,25,n,n,n,14,n,n,n,11,n,n,n,35,n,n,n,n,n,n,n,9,n,n,n,30,n,n,n,19,n,n,n,14,n,n,n,18,n,n,n,12,n,n,n,11,n,n,n
2025-05-06 14:30:00,29,n,n,n,16,n,n,n,8,n,n,n,33,n,n,n,n,n,n,n,7,n,n,n,24,n,n,n,16,n,n,n,12,n,n,n,20,n,n,n,7,n,n,n,9,n,n,n
2025-05-06 15:30:00,45,n,n,n,23,n,n,n,8,n,n,n,36,n,n,n,n,n,n,n,6,n,n,n,16,n,n,n,16,n,n,n,14,n,n,n,14,n,n,n,2,n,n,n,6,n,n,n
2025-05-06 16:30:00,57,n,n,n,20,n,n,n,6,n,n,n,42,n,n,n,n,n,n,n,11,n,n,n,20,n,n,n,18,n,n,n,12,n,n,n,18,n,n,n,1,n,n,n,1,n,n,n
2025-05-06 17:30:00,39,n,n,n,19,n,n,n,3,n,n,n,52,n,n,n,n,n,n,n,7,n,n,n,32,n,n,n,20,n,n,n,15,n,n,n,22,n,n,n,11,n,n,n,7,n,n,n
2025-05-06 18:30:00,35,n,n,n,16,n,n,n,3,n,n,n,73,n,n,n,n,n,n,n,14,n,n,n,50,n,n,n,39,n,n,n,25,n,n,n,28,n,n,n,11,n,n,n,14,n,n,n
2025-05-06 19:30:00,22,n,n,n,15,n,n,n,7,n,n,n,56,n,n,n,n,n,n,n,14,n,n,n,71,n,n,n,45,n,n,n,26,n,n,n,29,n,n,n,12,n,n,n,12,n,n,n
2025-05-06 20:30:00,33,n,n,n,17,n,n,n,7,n,n,n,57,n,n,n,n,n,n,n,12,n,n,n,94,n,n,n,61,n,n,n,29,n,n,n,27,n,n,n,19,n,n,n,12,n,n,n
2025-05-06 21:30:00,26,n,n,n,15,n,n,n,8,n,n,n,46,n,n,n,n,n,n,n,13,n,n,n,54,n,n,n,34,n,n,n,19,n,n,n,31,n,n,n,18,n,n,n,13,n,n,n
2025-05-06 22:30:00,45,n,n,n,23,n,n,n,12,n,n,n,54,n,n,n,n,n,n,n,12,n,n,n,41,n,n,n,23,n,n,n,18,n,n,n,36,n,n,n,20,n,n,n,14,n,n,n
2025-05-06 23:30:00,35,n,n,n,22,n,n,n,8,n,n,n,55,n,n,n,n,n,n,n,20,n,n,n,32,n,n,n,22,n,n,n,14,n,n,n,30,n,n,n,19,n,n,n,12,n,n,n
2025-05-07 00:30:00,42,n,n,n,23,n,n,n,8,n,n,n,42,n,n,n,n,n,n,n,16,n,n,n,29,n,n,n,19,n,n,n,16,n,n,n,28,n,n,n,16,n,n,n,14,n,n,n
2025-05-07 01:30:00,33,n,n,n,23,n,n,n,13,n,n,n,49,n,n,n,n,n,n,n,16,n,n,n,25,n,n,n,20,n,n,n,15,n,n,n,19,n,n,n,5,n,n,n,11,n,n,n
2025-05-07 02:30:00,32,n,n,n,19,n,n,n,9,n,n,n,37,n,n,n,n,n,n,n,11,n,n,n,22,n,n,n,22,n,n,n,15,n,n,n,20,n,n,n,8,n,n,n,7,n,n,n
2025-05-07 03:30:00,22,n,n,n,15,n,n,n,7,n,n,n,30,n,n,n,n,n,n,n,8,n,n,n,20,n,n,n,25,n,n,n,14,n,n,n,19,n,n,n,6,n,n,n,8,n,n,n
2025-05-07 04:30:00,23,n,n,n,18,n,n,n,11,n,n,n,29,n,n,n,n,n,n,n,11,n,n,n,26,n,n,n,18,n,n,n,13,n,n,n,n,n,n,n,9,n,n,n,16,n,n,n
2025-05-07 05:30:00,31,n,n,n,12,n,n,n,7,n,n,n,35,n,n,n,n,n,n,n,8,n,n,n,31,n,n,n,25,n,n,n,22,n,n,n,n,n,n,n,17,n,n,n,16,n,n,n
2025-05-07 06:30:00,33,n,n,n,18,n,n,n,17,n,n,n,48,n,n,n,n,n,n,n,11,n,n,n,46,n,n,n,30,n,n,n,17,n,n,n,n,n,n,n,13,n,n,n,16,n,n,n
2025-05-07 07:30:00,57,n,n,n,26,n,n,n,16,n,n,n,67,n,n,n,n,n,n,n,16,n,n,n,62,n,n,n,42,n,n,n,21,n,n,n,n,n,n,n,33,n,n,n,22,n,n,n
2025-05-07 08:30:00,48,n,n,n,26,n,n,n,16,n,n,n,69,n,n,n,n,n,n,n,27,n,n,n,47,n,n,n,34,n,n,n,19,n,n,n,n,n,n,n,18,n,n,n,16,n,n,n
2025-05-07 09:30:00,37,n,n,n,26,n,n,n,11,n,n,n,38,n,n,n,7,n,n,n,9,n,n,n,39,n,n,n,25,n,n,n,15,n,n,n,n,n,n,n,174,n,n,n,16,n,n,n
2025-05-07 10:30:00,32,n,n,n,17,n,n,n,11,n,n,n,29,n,n,n,13,n,n,n,8,n,n,n,22,n,n,n,14,n,n,n,12,n,n,n,16,n,n,n,2,n,n,n,6,n,n,n
2025-05-07 11:30:00,39,n,n,n,25,n,n,n,14,n,n,n,38,n,n,n,13,n,n,n,9,n,n,n,24,n,n,n,19,n,n,n,11,n,n,n,14,n,n,n,6,n,n,n,11,n,n,n
2025-05-07 12:00:00,n,n,37,VM,n,n,20.5,VM,n,n,10.1,VM,n,n,45.7,VM,n,n,n,n,n,n,12.1,VM,n,n,41.8,VM,n,n,27.6,VM,n,n,15.6,VM,n,n,n,n,n,n,20.2,VM,n,n,12.1,VM
2025-05-07 12:30:00,34,n,n,n,22,n,n,n,6,n,n,n,35,n,n,n,13,n,n,n,12,n,n,n,22,n,n,n,18,n,n,n,9,n,n,n,14,n,n,n,6,n,n,n,9,n,n,n
2025-05-07 13:30:00,47,n,n,n,23,n,n,n,12,n,n,n,34,n,n,n,16,n,n,n,8,n,n,n,27,n,n,n,20,n,n,n,9,n,n,n,n,n,n,n,n,n,n,n,n,n,n,n
2025-05-07 14:30:00,35,n,n,n,17,n,n,n,7,n,n,n,32,n,n,n,16,n,n,n,6,n,n,n,19,n,n,n,16,n,n,n,8,n,n,n,14,n,n,n,7,n,n,n,1,n,n,n
2025-05-07 15:30:00,34,n,n,n,24,n,n,n,5,n,n,n,29,n,n,n,11,n,n,n,8,n,n,n,24,n,n,n,19,n,n,n,8,n,n,n,17,n,n,n,6,n,n,n,6,n,n,n
2025-05-07 16:30:00,39,n,n,n,25,n,n,n,11,n,n,n,46,n,n,n,18,n,n,n,11,n,n,n,41,n,n,n,22,n,n,n,16,n,n,n,31,n,n,n,13,n,n,n,8,n,n,n
2025-05-07 17:30:00,41,n,n,n,17,n,n,n,9,n,n,n,74,n,n,n,28,n,n,n,12,n,n,n,49,n,n,n,30,n,n,n,19,n,n,n,34,n,n,n,16,n,n,n,13,n,n,n
2025-05-07 18:30:00,38,n,n,n,15,n,n,n,9,n,n,n,63,n,n,n,25,n,n,n,13,n,n,n,131,n,n,n,78,n,n,n,29,n,n,n,33,n,n,n,16,n,n,n,16,n,n,n
2025-05-07 19:30:00,41,n,n,n,23,n,n,n,9,n,n,n,70,n,n,n,31,n,n,n,n,n,n,n,107,n,n,n,57,n,n,n,23,n,n,n,29,n,n,n,13,n,n,n,11,n,n,n
2025-05-07 20:30:00,42,n,n,n,23,n,n,n,9,n,n,n,41,n,n,n,19,n,n,n,16,n,n,n,47,n,n,n,33,n,n,n,17,n,n,n,30,n,n,n,19,n,n,n,14,n,n,n
2025-05-07 21:30:00,34,n,n,n,18,n,n,n,7,n,n,n,47,n,n,n,23,n,n,n,11,n,n,n,59,n,n,n,30,n,n,n,17,n,n,n,41,n,n,n,20,n,n,n,11,n,n,n
2025-05-07 22:30:00,45,n,n,n,21,n,n,n,9,n,n,n,61,n,n,n,33,n,n,n,14,n,n,n,49,n,n,n,23,n,n,n,14,n,n,n,46,n,n,n,24,n,n,n,14,n,n,n
2025-05-07 23:30:00,29,n,n,n,16,n,n,n,9,n,n,n,54,n,n,n,35,n,n,n,17,n,n,n,34,n,n,n,24,n,n,n,15,n,n,n,44,n,n,n,17,n,n,n,17,n,n,n
2025-05-08 00:30:00,52,n,n,n,27,n,n,n,18,n,n,n,50,n,n,n,29,n,n,n,16,n,n,n,25,n,n,n,22,n,n,n,13,n,n,n,30,n,n,n,12,n,n,n,11,n,n,n
2025-05-08 01:30:00,36,n,n,n,23,n,n,n,11,n,n,n,42,n,n,n,25,n,n,n,8,n,n,n,35,n,n,n,27,n,n,n,12,n,n,n,30,n,n,n,n,n,n,n,14,n,n,n
2025-05-08 02:30:00,33,n,n,n,20,n,n,n,9,n,n,n,50,n,n,n,23,n,n,n,14,n,n,n,25,n,n,n,22,n,n,n,17,n,n,n,30,n,n,n,n,n,n,n,13,n,n,n
2025-05-08 03:30:00,37,n,n,n,27,n,n,n,18,n,n,n,43,n,n,n,23,n,n,n,18,n,n,n,23,n,n,n,22,n,n,n,15,n,n,n,24,n,n,n,n,n,n,n,8,n,n,n
2025-05-08 04:30:00,28,n,n,n,19,n,n,n,9,n,n,n,37,n,n,n,23,n,n,n,12,n,n,n,23,n,n,n,11,n,n,n,12,n,n,n,30,n,n,n,n,n,n,n,8,n,n,n
2025-05-08 05:30:00,36,n,n,n,25,n,n,n,12,n,n,n,41,n,n,n,18,n,n,n,9,n,n,n,33,n,n,n,16,n,n,n,12,n,n,n,22,n,n,n,n,n,n,n,8,n,n,n
2025-05-08 06:30:00,39,n,n,n,19,n,n,n,13,n,n,n,55,n,n,n,25,n,n,n,13,n,n,n,38,n,n,n,16,n,n,n,10,n,n,n,24,n,n,n,n,n,n,n,13,n,n,n
2025-05-08 07:30:00,41,n,n,n,25,n,n,n,13,n,n,n,87,n,n,n,35,n,n,n,18,n,n,n,33,n,n,n,20,n,n,n,12,n,n,n,42,n,n,n,n,n,n,n,11,n,n,n
2025-05-08 08:30:00,35,n,n,n,24,n,n,n,12,n,n,n,58,n,n,n,n,n,n,n,16,n,n,n,46,n,n,n,28,n,n,n,12,n,n,n,53,n,n,n,n,n,n,n,14,n,n,n
2025-05-08 09:30:00,46,n,n,n,25,n,n,n,8,n,n,n,67,n,n,n,n,n,n,n,13,n,n,n,38,n,n,n,29,n,n,n,11,n,n,n,25,n,n,n,n,n,n,n,16,n,n,n
2025-05-08 10:30:00,30,n,n,n,17,n,n,n,7,n,n,n,87,n,n,n,n,n,n,n,11,n,n,n,23,n,n,n,23,n,n,n,11,n,n,n,19,n,n,n,n,n,n,n,7,n,n,n
2025-05-08 11:30:00,21,n,n,n,18,n,n,n,14,n,n,n,50,n,n,n,n,n,n,n,14,n,n,n,21,n,n,n,16,n,n,n,8,n,n,n,17,n,n,n,n,n,n,n,9,n,n,n
2025-05-08 12:00:00,n,n,49.8,VM,n,n,26.2,VM,n,n,12.2,VM,n,n,60.7,VM,n,n,30,VM,n,n,14.1,VM,n,n,46.5,VM,n,n,29,VM,n,n,16.2,VM,n,n,33.2,VM,n,n,n,n,n,n,12.7,VM
2025-05-08 12:30:00,22,n,n,n,14,n,n,n,9,n,n,n,36,n,n,n,n,n,n,n,7,n,n,n,22,n,n,n,14,n,n,n,17,n,n,n,16,n,n,n,n,n,n,n,7,n,n,n
2025-05-08 13:30:00,30,n,n,n,20,n,n,n,8,n,n,n,47,n,n,n,n,n,n,n,6,n,n,n,42,n,n,n,27,n,n,n,12,n,n,n,24,n,n,n,7,n,n,n,11,n,n,n
2025-05-08 14:30:00,29,n,n,n,10,n,n,n,7,n,n,n,41,n,n,n,42,n,n,n,9,n,n,n,28,n,n,n,17,n,n,n,12,n,n,n,18,n,n,n,6,n,n,n,11,n,n,n
2025-05-08 15:30:00,53,n,n,n,20,n,n,n,7,n,n,n,36,n,n,n,9,n,n,n,12,n,n,n,28,n,n,n,18,n,n,n,11,n,n,n,20,n,n,n,7,n,n,n,13,n,n,n
2025-05-08 16:30:00,118,n,n,n,37,n,n,n,7,n,n,n,81,n,n,n,34,n,n,n,18,n,n,n,68,n,n,n,38,n,n,n,18,n,n,n,27,n,n,n,7,n,n,n,11,n,n,n
2025-05-08 17:30:00,111,n,n,n,40,n,n,n,13,n,n,n,81,n,n,n,3,n,n,n,14,n,n,n,117,n,n,n,55,n,n,n,24,n,n,n,36,n,n,n,12,n,n,n,9,n,n,n
2025-05-08 18:30:00,58,n,n,n,32,n,n,n,18,n,n,n,73,n,n,n,38,n,n,n,14,n,n,n,109,n,n,n,62,n,n,n,31,n,n,n,n,n,n,n,n,n,n,n,n,n,n,n
2025-05-08 19:30:00,58,n,n,n,33,n,n,n,13,n,n,n,83,n,n,n,45,n,n,n,17,n,n,n,96,n,n,n,57,n,n,n,30,n,n,n,46,n,n,n,23,n,n,n,16,n,n,n
2025-05-08 20:30:00,47,n,n,n,29,n,n,n,12,n,n,n,73,n,n,n,36,n,n,n,n,n,n,n,73,n,n,n,41,n,n,n,27,n,n,n,46,n,n,n,23,n,n,n,19,n,n,n
2025-05-08 21:30:00,59,n,n,n,30,n,n,n,12,n,n,n,71,n,n,n,38,n,n,n,20,n,n,n,66,n,n,n,45,n,n,n,20,n,n,n,57,n,n,n,33,n,n,n,19,n,n,n
2025-05-08 22:30:00,100,n,n,n,52,n,n,n,23,n,n,n,79,n,n,n,39,n,n,n,17,n,n,n,50,n,n,n,30,n,n,n,19,n,n,n,66,n,n,n,40,n,n,n,23,n,n,n
2025-05-08 23:30:00,77,n,n,n,42,n,n,n,19,n,n,n,88,n,n,n,55,n,n,n,28,n,n,n,53,n,n,n,41,n,n,n,24,n,n,n,62,n,n,n,31,n,n,n,20,n,n,n
2025-05-09 00:30:00,67,n,n,n,42,n,n,n,13,n,n,n,74,n,n,n,41,n,n,n,n,n,n,n,43,n,n,n,35,n,n,n,20,n,n,n,48,n,n,n,28,n,n,n,17,n,n,n
2025-05-09 01:30:00,59,n,n,n,36,n,n,n,22,n,n,n,68,n,n,n,38,n,n,n,25,n,n,n,45,n,n,n,30,n,n,n,18,n,n,n,46,n,n,n,30,n,n,n,22,n,n,n
2025-05-09 02:30:00,42,n,n,n,32,n,n,n,17,n,n,n,52,n,n,n,28,n,n,n,19,n,n,n,54,n,n,n,42,n,n,n,31,n,n,n,44,n,n,n,33,n,n,n,22,n,n,n
2025-05-09 03:30:00,43,n,n,n,27,n,n,n,18,n,n,n,49,n,n,n,31,n,n,n,24,n,n,n,41,n,n,n,30,n,n,n,28,n,n,n,31,n,n,n,27,n,n,n,13,n,n,n
2025-05-09 04:30:00,45,n,n,n,39,n,n,n,24,n,n,n,45,n,n,n,27,n,n,n,19,n,n,n,37,n,n,n,34,n,n,n,18,n,n,n,33,n,n,n,29,n,n,n,22,n,n,n
2025-05-09 05:30:00,45,n,n,n,31,n,n,n,19,n,n,n,50,n,n,n,25,n,n,n,19,n,n,n,37,n,n,n,29,n,n,n,18,n,n,n,31,n,n,n,27,n,n,n,22,n,n,n
2025-05-09 06:30:00,28,n,n,n,24,n,n,n,11,n,n,n,36,n,n,n,18,n,n,n,17,n,n,n,36,n,n,n,29,n,n,n,21,n,n,n,27,n,n,n,18,n,n,n,16,n,n,n
2025-05-09 07:30:00,13,n,n,n,11,n,n,n,7,n,n,n,37,n,n,n,17,n,n,n,11,n,n,n,43,n,n,n,24,n,n,n,21,n,n,n,13,n,n,n,8,n,n,n,12,n,n,n
2025-05-09 08:30:00,29,n,n,n,12,n,n,n,5,n,n,n,31,n,n,n,8,n,n,n,7,n,n,n,22,n,n,n,11,n,n,n,12,n,n,n,13,n,n,n,5,n,n,n,8,n,n,n
2025-05-09 09:30:00,43,n,n,n,18,n,n,n,8,n,n,n,39,n,n,n,13,n,n,n,8,n,n,n,19,n,n,n,13,n,n,n,9,n,n,n,14,n,n,n,7,n,n,n,6,n,n,n
2025-05-09 10:30:00,64,n,n,n,29,n,n,n,8,n,n,n,40,n,n,n,14,n,n,n,9,n,n,n,16,n,n,n,17,n,n,n,10,n,n,n,19,n,n,n,5,n,n,n,7,n,n,n
2025-05-09 11:30:00,50,n,n,n,15,n,n,n,8,n,n,n,55,n,n,n,14,n,n,n,11,n,n,n,12,n,n,n,12,n,n,n,10,n,n,n,12,n,n,n,7,n,n,n,9,n,n,n
2025-05-09 12:00:00,n,n,47.6,VM,n,n,24.1,VM,n,n,9.8,VM,n,n,51.3,VM,n,n,n,n,n,n,13.7,VM,n,n,40.1,VM,n,n,27.2,VM,n,n,16.3,VM,n,n,25.7,VM,n,n,16.1,VM,n,n,11.7,VM
2025-05-09 12:30:00,31,n,n,n,14,n,n,n,6,n,n,n,54,n,n,n,16,n,n,n,7,n,n,n,12,n,n,n,12,n,n,n,11,n,n,n,9,n,n,n,8,n,n,n,6,n,n,n
2025-05-09 13:30:00,30,n,n,n,11,n,n,n,2,n,n,n,35,n,n,n,12,n,n,n,5,n,n,n,25,n,n,n,18,n,n,n,14,n,n,n,7,n,n,n,6,n,n,n,7,n,n,n
2025-05-09 14:30:00,24,n,n,n,8,n,n,n,2,n,n,n,32,n,n,n,n,n,n,n,12,n,n,n,27,n,n,n,20,n,n,n,14,n,n,n,12,n,n,n,6,n,n,n,6,n,n,n
2025-05-09 15:30:00,24,n,n,n,12,n,n,n,3,n,n,n,30,n,n,n,n,n,n,n,8,n,n,n,27,n,n,n,24,n,n,n,17,n,n,n,18,n,n,n,6,n,n,n,3,n,n,n
2025-05-09 16:30:00,39,n,n,n,19,n,n,n,7,n,n,n,37,n,n,n,n,n,n,n,8,n,n,n,30,n,n,n,24,n,n,n,12,n,n,n,17,n,n,n,9,n,n,n,7,n,n,n
2025-05-09 17:30:00,98,n,n,n,33,n,n,n,8,n,n,n,59,n,n,n,n,n,n,n,9,n,n,n,28,n,n,n,20,n,n,n,9,n,n,n,27,n,n,n,7,n,n,n,6,n,n,n
2025-05-09 18:30:00,35,n,n,n,10,n,n,n,5,n,n,n,95,n,n,n,n,n,n,n,14,n,n,n,42,n,n,n,27,n,n,n,19,n,n,n,36,n,n,n,17,n,n,n,12,n,n,n
2025-05-09 19:30:00,43,n,n,n,20,n,n,n,7,n,n,n,50,n,n,n,n,n,n,n,11,n,n,n,127,n,n,n,56,n,n,n,16,n,n,n,22,n,n,n,13,n,n,n,7,n,n,n
2025-05-09 20:30:00,60,n,n,n,25,n,n,n,7,n,n,n,54,n,n,n,n,n,n,n,19,n,n,n,87,n,n,n,48,n,n,n,23,n,n,n,27,n,n,n,14,n,n,n,7,n,n,n
2025-05-09 21:30:00,84,n,n,n,34,n,n,n,9,n,n,n,63,n,n,n,n,n,n,n,12,n,n,n,54,n,n,n,35,n,n,n,11,n,n,n,34,n,n,n,24,n,n,n,13,n,n,n
2025-05-09 22:30:00,84,n,n,n,36,n,n,n,12,n,n,n,80,n,n,n,n,n,n,n,18,n,n,n,55,n,n,n,34,n,n,n,17,n,n,n,33,n,n,n,28,n,n,n,19,n,n,n
2025-05-09 23:30:00,62,n,n,n,40,n,n,n,8,n,n,n,66,n,n,n,n,n,n,n,23,n,n,n,43,n,n,n,30,n,n,n,13,n,n,n,44,n,n,n,24,n,n,n,11,n,n,n
2025-05-10 00:30:00,72,n,n,n,31,n,n,n,14,n,n,n,68,n,n,n,n,n,n,n,18,n,n,n,43,n,n,n,28,n,n,n,17,n,n,n,47,n,n,n,23,n,n,n,14,n,n,n
2025-05-10 01:30:00,78,n,n,n,26,n,n,n,18,n,n,n,64,n,n,n,n,n,n,n,16,n,n,n,30,n,n,n,16,n,n,n,13,n,n,n,38,n,n,n,22,n,n,n,13,n,n,n
2025-05-10 02:30:00,45,n,n,n,21,n,n,n,9,n,n,n,45,n,n,n,n,n,n,n,18,n,n,n,25,n,n,n,11,n,n,n,11,n,n,n,14,n,n,n,5,n,n,n,11,n,n,n
2025-05-10 03:30:00,30,n,n,n,20,n,n,n,12,n,n,n,35,n,n,n,n,n,n,n,7,n,n,n,21,n,n,n,13,n,n,n,12,n,n,n,12,n,n,n,9,n,n,n,7,n,n,n
2025-05-10 04:30:00,22,n,n,n,11,n,n,n,12,n,n,n,31,n,n,n,n,n,n,n,9,n,n,n,22,n,n,n,14,n,n,n,11,n,n,n,13,n,n,n,6,n,n,n,5,n,n,n
2025-05-10 05:30:00,15,n,n,n,7,n,n,n,9,n,n,n,32,n,n,n,n,n,n,n,12,n,n,n,18,n,n,n,11,n,n,n,10,n,n,n,13,n,n,n,1,n,n,n,7,n,n,n
2025-05-10 06:30:00,45,n,n,n,14,n,n,n,16,n,n,n,43,n,n,n,n,n,n,n,9,n,n,n,27,n,n,n,17,n,n,n,18,n,n,n,18,n,n,n,5,n,n,n,6,n,n,n
2025-05-10 07:30:00,36,n,n,n,30,n,n,n,22,n,n,n,41,n,n,n,n,n,n,n,13,n,n,n,28,n,n,n,19,n,n,n,14,n,n,n,20,n,n,n,12,n,n,n,7,n,n,n
2025-05-10 08:30:00,35,n,n,n,22,n,n,n,18,n,n,n,41,n,n,n,n,n,n,n,14,n,n,n,19,n,n,n,14,n,n,n,12,n,n,n,20,n,n,n,14,n,n,n,11,n,n,n
2025-05-10 09:30:00,36,n,n,n,12,n,n,n,9,n,n,n,39,n,n,n,n,n,n,n,11,n,n,n,24,n,n,n,12,n,n,n,11,n,n,n,22,n,n,n,14,n,n,n,7,n,n,n
2025-05-10 10:30:00,29,n,n,n,16,n,n,n,7,n,n,n,34,n,n,n,n,n,n,n,7,n,n,n,20,n,n,n,17,n,n,n,9,n,n,n,23,n,n,n,16,n,n,n,8,n,n,n
2025-05-10 11:30:00,26,n,n,n,10,n,n,n,5,n,n,n,42,n,n,n,n,n,n,n,7,n,n,n,15,n,n,n,17,n,n,n,10,n,n,n,12,n,n,n,3,n,n,n,7,n,n,n
2025-05-10 12:00:00,n,n,46.3,VM,n,n,20.4,VM,n,n,9.2,VM,n,n,49.4,VM,n,n,n,n,n,n,11.3,VM,n,n,33,VM,n,n,20.5,VM,n,n,13.3,VM,n,n,19.4,VM,n,n,10.9,VM,n,n,8.5,VM
2025-05-10 12:30:00,39,n,n,n,10,n,n,n,5,n,n,n,44,n,n,n,n,n,n,n,6,n,n,n,18,n,n,n,14,n,n,n,7,n,n,n,9,n,n,n,9,n,n,n,6,n,n,n
2025-05-10 13:30:00,45,n,n,n,22,n,n,n,12,n,n,n,40,n,n,n,n,n,n,n,5,n,n,n,19,n,n,n,16,n,n,n,6,n,n,n,12,n,n,n,8,n,n,n,9,n,n,n
2025-05-10 14:30:00,25,n,n,n,14,n,n,n,8,n,n,n,36,n,n,n,n,n,n,n,9,n,n,n,20,n,n,n,11,n,n,n,11,n,n,n,17,n,n,n,7,n,n,n,9,n,n,n
2025-05-10 15:30:00,57,n,n,n,22,n,n,n,5,n,n,n,47,n,n,n,n,n,n,n,9,n,n,n,20,n,n,n,9,n,n,n,15,n,n,n,13,n,n,n,6,n,n,n,9,n,n,n
2025-05-10 16:30:00,65,n,n,n,28,n,n,n,3,n,n,n,64,n,n,n,n,n,n,n,8,n,n,n,23,n,n,n,13,n,n,n,12,n,n,n,12,n,n,n,9,n,n,n,9,n,n,n
2025-05-10 17:30:00,57,n,n,n,22,n,n,n,3,n,n,n,75,n,n,n,n,n,n,n,7,n,n,n,38,n,n,n,36,n,n,n,20,n,n,n,18,n,n,n,7,n,n,n,6,n,n,n
2025-05-10 18:30:00,36,n,n,n,13,n,n,n,3,n,n,n,69,n,n,n,n,n,n,n,12,n,n,n,35,n,n,n,28,n,n,n,17,n,n,n,16,n,n,n,11,n,n,n,6,n,n,n
2025-05-10 19:30:00,59,n,n,n,22,n,n,n,5,n,n,n,54,n,n,n,n,n,n,n,11,n,n,n,60,n,n,n,39,n,n,n,16,n,n,n,24,n,n,n,12,n,n,n,5,n,n,n
2025-05-10 20:30:00,53,n,n,n,18,n,n,n,2,n,n,n,57,n,n,n,n,n,n,n,12,n,n,n,99,n,n,n,44,n,n,n,19,n,n,n,25,n,n,n,13,n,n,n,8,n,n,n
2025-05-10 21:30:00,66,n,n,n,25,n,n,n,5,n,n,n,69,n,n,n,n,n,n,n,20,n,n,n,65,n,n,n,35,n,n,n,16,n,n,n,20,n,n,n,16,n,n,n,11,n,n,n
2025-05-10 22:30:00,43,n,n,n,24,n,n,n,9,n,n,n,64,n,n,n,n,n,n,n,19,n,n,n,49,n,n,n,25,n,n,n,16,n,n,n,24,n,n,n,13,n,n,n,11,n,n,n
2025-05-10 23:30:00,98,n,n,n,50,n,n,n,11,n,n,n,52,n,n,n,n,n,n,n,12,n,n,n,53,n,n,n,34,n,n,n,17,n,n,n,24,n,n,n,20,n,n,n,11,n,n,n
2025-05-11 00:30:00,51,n,n,n,27,n,n,n,13,n,n,n,51,n,n,n,n,n,n,n,13,n,n,n,39,n,n,n,23,n,n,n,17,n,n,n,27,n,n,n,16,n,n,n,7,n,n,n
2025-05-11 01:30:00,62,n,n,n,34,n,n,n,8,n,n,n,43,n,n,n,n,n,n,n,12,n,n,n,36,n,n,n,31,n,n,n,15,n,n,n,19,n,n,n,16,n,n,n,11,n,n,n
2025-05-11 02:30:00,34,n,n,n,23,n,n,n,8,n,n,n,47,n,n,n,n,n,n,n,12,n,n,n,27,n,n,n,22,n,n,n,15,n,n,n,30,n,n,n,18,n,n,n,12,n,n,n
2025-05-11 03:30:00,49,n,n,n,26,n,n,n,6,n,n,n,40,n,n,n,n,n,n,n,9,n,n,n,23,n,n,n,16,n,n,n,10,n,n,n,29,n,n,n,24,n,n,n,12,n,n,n
2025-05-11 04:30:00,30,n,n,n,17,n,n,n,6,n,n,n,40,n,n,n,n,n,n,n,16,n,n,n,18,n,n,n,16,n,n,n,12,n,n,n,18,n,n,n,12,n,n,n,7,n,n,n
2025-05-11 05:30:00,30,n,n,n,16,n,n,n,6,n,n,n,34,n,n,n,n,n,n,n,17,n,n,n,18,n,n,n,19,n,n,n,10,n,n,n,16,n,n,n,8,n,n,n,6,n,n,n
2025-05-11 06:30:00,39,n,n,n,11,n,n,n,9,n,n,n,50,n,n,n,n,n,n,n,9,n,n,n,15,n,n,n,13,n,n,n,12,n,n,n,17,n,n,n,6,n,n,n,11,n,n,n
2025-05-11 07:30:00,23,n,n,n,13,n,n,n,9,n,n,n,33,n,n,n,n,n,n,n,7,n,n,n,10,n,n,n,9,n,n,n,11,n,n,n,8,n,n,n,5,n,n,n,7,n,n,n
2025-05-11 08:30:00,19,n,n,n,23,n,n,n,14,n,n,n,27,n,n,n,n,n,n,n,7,n,n,n,18,n,n,n,13,n,n,n,10,n,n,n,18,n,n,n,12,n,n,n,9,n,n,n
2025-05-11 09:30:00,21,n,n,n,13,n,n,n,7,n,n,n,30,n,n,n,n,n,n,n,9,n,n,n,14,n,n,n,12,n,n,n,11,n,n,n,12,n,n,n,8,n,n,n,8,n,n,n
2025-05-11 10:30:00,24,n,n,n,9,n,n,n,7,n,n,n,26,n,n,n,n,n,n,n,8,n,n,n,15,n,n,n,14,n,n,n,9,n,n,n,13,n,n,n,8,n,n,n,6,n,n,n
2025-05-11 11:30:00,16,n,n,n,9,n,n,n,6,n,n,n,33,n,n,n,n,n,n,n,5,n,n,n,18,n,n,n,22,n,n,n,9,n,n,n,17,n,n,n,7,n,n,n,8,n,n,n
2025-05-11 12:00:00,n,n,41.3,VM,n,n,22.5,VM,n,n,10.8,VM,n,n,44.8,VM,n,n,n,n,n,n,12.9,VM,n,n,37.2,VM,n,n,22.9,VM,n,n,14.8,VM,n,n,25.2,VM,n,n,16.8,VM,n,n,13.1,VM
2025-05-11 12:30:00,25,n,n,n,12,n,n,n,3,n,n,n,25,n,n,n,n,n,n,n,7,n,n,n,18,n,n,n,16,n,n,n,12,n,n,n,9,n,n,n,5,n,n,n,7,n,n,n
2025-05-11 13:30:00,17,n,n,n,11,n,n,n,6,n,n,n,30,n,n,n,n,n,n,n,12,n,n,n,140,n,n,n,22,n,n,n,19,n,n,n,14,n,n,n,6,n,n,n,12,n,n,n
2025-05-11 14:30:00,17,n,n,n,15,n,n,n,11,n,n,n,26,n,n,n,n,n,n,n,8,n,n,n,19,n,n,n,20,n,n,n,12,n,n,n,11,n,n,n,3,n,n,n,7,n,n,n
2025-05-11 15:30:00,21,n,n,n,15,n,n,n,11,n,n,n,36,n,n,n,n,n,n,n,8,n,n,n,24,n,n,n,17,n,n,n,19,n,n,n,19,n,n,n,16,n,n,n,11,n,n,n
2025-05-11 16:30:00,26,n,n,n,17,n,n,n,11,n,n,n,29,n,n,n,n,n,n,n,11,n,n,n,24,n,n,n,20,n,n,n,14,n,n,n,19,n,n,n,18,n,n,n,13,n,n,n
2025-05-11 17:30:00,36,n,n,n,28,n,n,n,13,n,n,n,54,n,n,n,n,n,n,n,19,n,n,n,48,n,n,n,30,n,n,n,18,n,n,n,29,n,n,n,18,n,n,n,8,n,n,n
2025-05-11 18:30:00,141,n,n,n,53,n,n,n,8,n,n,n,81,n,n,n,n,n,n,n,35,n,n,n,72,n,n,n,44,n,n,n,19,n,n,n,36,n,n,n,18,n,n,n,16,n,n,n
2025-05-11 19:30:00,100,n,n,n,51,n,n,n,20,n,n,n,64,n,n,n,n,n,n,n,24,n,n,n,74,n,n,n,41,n,n,n,19,n,n,n,52,n,n,n,31,n,n,n,23,n,n,n
2025-05-11 20:30:00,72,n,n,n,33,n,n,n,22,n,n,n,104,n,n,n,n,n,n,n,n,n,n,n,75,n,n,n,39,n,n,n,20,n,n,n,53,n,n,n,40,n,n,n,38,n,n,n
2025-05-11 21:30:00,58,n,n,n,35,n,n,n,18,n,n,n,87,n,n,n,n,n,n,n,28,n,n,n,73,n,n,n,46,n,n,n,20,n,n,n,78,n,n,n,62,n,n,n,53,n,n,n
2025-05-11 22:30:00,53,n,n,n,33,n,n,n,23,n,n,n,52,n,n,n,n,n,n,n,12,n,n,n,55,n,n,n,28,n,n,n,25,n,n,n,35,n,n,n,23,n,n,n,13,n,n,n
2025-05-11 23:30:00,27,n,n,n,15,n,n,n,13,n,n,n,33,n,n,n,n,n,n,n,9,n,n,n,20,n,n,n,17,n,n,n,16,n,n,n,27,n,n,n,23,n,n,n,9,n,n,n
2025-05-12 00:30:00,18,n,n,n,11,n,n,n,9,n,n,n,27,n,n,n,n,n,n,n,11,n,n,n,28,n,n,n,19,n,n,n,18,n,n,n,22,n,n,n,12,n,n,n,8,n,n,n
2025-05-12 01:30:00,14,n,n,n,12,n,n,n,9,n,n,n,25,n,n,n,n,n,n,n,8,n,n,n,20,n,n,n,16,n,n,n,9,n,n,n,13,n,n,n,11,n,n,n,11,n,n,n
2025-05-12 02:30:00,13,n,n,n,15,n,n,n,9,n,n,n,25,n,n,n,n,n,n,n,5,n,n,n,22,n,n,n,20,n,n,n,12,n,n,n,17,n,n,n,9,n,n,n,9,n,n,n
2025-05-12 03:30:00,11,n,n,n,13,n,n,n,6,n,n,n,30,n,n,n,n,n,n,n,11,n,n,n,25,n,n,n,17,n,n,n,8,n,n,n,20,n,n,n,8,n,n,n,7,n,n,n
2025-05-12 04:30:00,13,n,n,n,11,n,n,n,7,n,n,n,25,n,n,n,n,n,n,n,8,n,n,n,15,n,n,n,18,n,n,n,13,n,n,n,16,n,n,n,5,n,n,n,12,n,n,n
2025-05-12 05:30:00,12,n,n,n,12,n,n,n,8,n,n,n,29,n,n,n,n,n,n,n,8,n,n,n,35,n,n,n,17,n,n,n,12,n,n,n,11,n,n,n,3,n,n,n,9,n,n,n
2025-05-12 06:30:00,18,n,n,n,16,n,n,n,11,n,n,n,51,n,n,n,n,n,n,n,8,n,n,n,37,n,n,n,25,n,n,n,12,n,n,n,22,n,n,n,11,n,n,n,8,n,n,n
2025-05-12 07:30:00,17,n,n,n,16,n,n,n,12,n,n,n,52,n,n,n,n,n,n,n,13,n,n,n,65,n,n,n,41,n,n,n,19,n,n,n,29,n,n,n,11,n,n,n,9,n,n,n
2025-05-12 08:30:00,21,n,n,n,18,n,n,n,9,n,n,n,51,n,n,n,n,n,n,n,17,n,n,n,46,n,n,n,34,n,n,n,12,n,n,n,24,n,n,n,11,n,n,n,9,n,n,n
2025-05-12 09:30:00,11,n,n,n,10,n,n,n,8,n,n,n,46,n,n,n,n,n,n,n,12,n,n,n,31,n,n,n,23,n,n,n,11,n,n,n,16,n,n,n,3,n,n,n,8,n,n,n
2025-05-12 10:30:00,13,n,n,n,8,n,n,n,6,n,n,n,31,n,n,n,7,n,n,n,7,n,n,n,34,n,n,n,19,n,n,n,21,n,n,n,17,n,n,n,1,n,n,n,8,n,n,n
2025-05-12 11:30:00,12,n,n,n,9,n,n,n,6,n,n,n,n,n,n,n,12,n,n,n,8,n,n,n,32,n,n,n,22,n,n,n,9,n,n,n,13,n,n,n,6,n,n,n,9,n,n,n
2025-05-12 12:00:00,n,n,18,VM,n,n,13.1,VM,n,n,7.1,VM,n,n,41.6,VM,n,n,n,n,n,n,9.5,VM,n,n,33.6,VM,n,n,21.8,VM,n,n,12.9,VM,n,n,18.9,VM,n,n,9.1,VM,n,n,8.4,VM
2025-05-12 12:30:00,20,n,n,n,14,n,n,n,6,n,n,n,31,n,n,n,11,n,n,n,9,n,n,n,18,n,n,n,14,n,n,n,8,n,n,n,9,n,n,n,8,n,n,n,8,n,n,n
2025-05-12 13:30:00,15,n,n,n,9,n,n,n,6,n,n,n,146,n,n,n,56,n,n,n,n,n,n,n,32,n,n,n,17,n,n,n,11,n,n,n,12,n,n,n,7,n,n,n,7,n,n,n
2025-05-12 14:30:00,13,n,n,n,8,n,n,n,8,n,n,n,32,n,n,n,11,n,n,n,6,n,n,n,21,n,n,n,24,n,n,n,12,n,n,n,13,n,n,n,7,n,n,n,7,n,n,n
2025-05-12 15:30:00,18,n,n,n,8,n,n,n,8,n,n,n,32,n,n,n,13,n,n,n,8,n,n,n,24,n,n,n,8,n,n,n,12,n,n,n,14,n,n,n,8,n,n,n,8,n,n,n
2025-05-12 16:30:00,19,n,n,n,11,n,n,n,7,n,n,n,33,n,n,n,13,n,n,n,8,n,n,n,24,n,n,n,12,n,n,n,8,n,n,n,20,n,n,n,11,n,n,n,8,n,n,n
2025-05-12 17:30:00,33,n,n,n,16,n,n,n,5,n,n,n,62,n,n,n,17,n,n,n,11,n,n,n,39,n,n,n,25,n,n,n,16,n,n,n,28,n,n,n,9,n,n,n,9,n,n,n
2025-05-12 18:30:00,47,n,n,n,16,n,n,n,7,n,n,n,42,n,n,n,8,n,n,n,9,n,n,n,107,n,n,n,56,n,n,n,14,n,n,n,29,n,n,n,9,n,n,n,9,n,n,n
2025-05-12 19:30:00,27,n,n,n,18,n,n,n,5,n,n,n,53,n,n,n,19,n,n,n,13,n,n,n,47,n,n,n,25,n,n,n,16,n,n,n,30,n,n,n,18,n,n,n,12,n,n,n
2025-05-12 20:30:00,27,n,n,n,22,n,n,n,8,n,n,n,48,n,n,n,25,n,n,n,13,n,n,n,40,n,n,n,25,n,n,n,14,n,n,n,28,n,n,n,17,n,n,n,7,n,n,n
2025-05-12 21:30:00,21,n,n,n,15,n,n,n,6,n,n,n,42,n,n,n,16,n,n,n,8,n,n,n,32,n,n,n,20,n,n,n,19,n,n,n,23,n,n,n,14,n,n,n,6,n,n,n
2025-05-12 22:30:00,12,n,n,n,14,n,n,n,3,n,n,n,20,n,n,n,9,n,n,n,9,n,n,n,18,n,n,n,11,n,n,n,16,n,n,n,13,n,n,n,7,n,n,n,8,n,n,n
2025-05-12 23:30:00,8,n,n,n,13,n,n,n,2,n,n,n,23,n,n,n,8,n,n,n,8,n,n,n,15,n,n,n,14,n,n,n,7,n,n,n,14,n,n,n,12,n,n,n,6,n,n,n
2025-05-13 00:30:00,16,n,n,n,8,n,n,n,5,n,n,n,20,n,n,n,5,n,n,n,8,n,n,n,16,n,n,n,16,n,n,n,10,n,n,n,18,n,n,n,8,n,n,n,6,n,n,n
2025-05-13 01:30:00,15,n,n,n,11,n,n,n,6,n,n,n,26,n,n,n,11,n,n,n,7,n,n,n,13,n,n,n,13,n,n,n,11,n,n,n,16,n,n,n,8,n,n,n,6,n,n,n
2025-05-13 02:30:00,15,n,n,n,11,n,n,n,7,n,n,n,17,n,n,n,9,n,n,n,8,n,n,n,15,n,n,n,14,n,n,n,13,n,n,n,16,n,n,n,7,n,n,n,9,n,n,n
2025-05-13 03:30:00,11,n,n,n,14,n,n,n,5,n,n,n,18,n,n,n,8,n,n,n,6,n,n,n,16,n,n,n,13,n,n,n,10,n,n,n,13,n,n,n,9,n,n,n,7,n,n,n
2025-05-13 04:30:00,8,n,n,n,8,n,n,n,5,n,n,n,23,n,n,n,8,n,n,n,6,n,n,n,11,n,n,n,9,n,n,n,9,n,n,n,11,n,n,n,5,n,n,n,7,n,n,n
2025-05-13 05:30:00,14,n,n,n,14,n,n,n,5,n,n,n,26,n,n,n,8,n,n,n,12,n,n,n,22,n,n,n,19,n,n,n,14,n,n,n,13,n,n,n,7,n,n,n,11,n,n,n
2025-05-13 06:30:00,12,n,n,n,10,n,n,n,2,n,n,n,39,n,n,n,12,n,n,n,11,n,n,n,34,n,n,n,n,n,n,n,n,n,n,n,20,n,n,n,9,n,n,n,9,n,n,n
2025-05-13 07:30:00,21,n,n,n,11,n,n,n,7,n,n,n,44,n,n,n,n,n,n,n,n,n,n,n,68,n,n,n,39,n,n,n,12,n,n,n,16,n,n,n,8,n,n,n,9,n,n,n
2025-05-13 08:30:00,13,n,n,n,12,n,n,n,8,n,n,n,36,n,n,n,n,n,n,n,7,n,n,n,30,n,n,n,20,n,n,n,12,n,n,n,17,n,n,n,6,n,n,n,9,n,n,n
2025-05-13 09:30:00,20,n,n,n,12,n,n,n,9,n,n,n,36,n,n,n,n,n,n,n,5,n,n,n,52,n,n,n,29,n,n,n,16,n,n,n,19,n,n,n,11,n,n,n,8,n,n,n
2025-05-13 10:30:00,15,n,n,n,8,n,n,n,6,n,n,n,28,n,n,n,n,n,n,n,9,n,n,n,38,n,n,n,17,n,n,n,10,n,n,n,8,n,n,n,5,n,n,n,5,n,n,n
2025-05-13 11:30:00,11,n,n,n,9,n,n,n,5,n,n,n,46,n,n,n,n,n,n,n,8,n,n,n,19,n,n,n,12,n,n,n,10,n,n,n,18,n,n,n,1,n,n,n,12,n,n,n
2025-05-13 12:00:00,n,n,14,VM,n,n,11.1,VM,n,n,5.6,VM,n,n,32.2,VM,n,n,10.7,VM,n,n,8.6,VM,n,n,29.1,VM,n,n,19.1,VM,n,n,12.7,VM,n,n,16.8,VM,n,n,7.6,VM,n,n,7.2,VM
2025-05-13 12:30:00,12,n,n,n,14,n,n,n,6,n,n,n,50,n,n,n,8,n,n,n,7,n,n,n,20,n,n,n,16,n,n,n,12,n,n,n,12,n,n,n,3,n,n,n,8,n,n,n
2025-05-13 13:30:00,12,n,n,n,11,n,n,n,5,n,n,n,31,n,n,n,8,n,n,n,8,n,n,n,45,n,n,n,28,n,n,n,14,n,n,n,14,n,n,n,3,n,n,n,5,n,n,n
2025-05-13 14:30:00,12,n,n,n,9,n,n,n,7,n,n,n,31,n,n,n,8,n,n,n,7,n,n,n,25,n,n,n,20,n,n,n,13,n,n,n,17,n,n,n,7,n,n,n,3,n,n,n
2025-05-13 15:30:00,18,n,n,n,12,n,n,n,5,n,n,n,38,n,n,n,13,n,n,n,11,n,n,n,26,n,n,n,11,n,n,n,9,n,n,n,18,n,n,n,8,n,n,n,5,n,n,n
2025-05-13 16:30:00,17,n,n,n,9,n,n,n,3,n,n,n,38,n,n,n,14,n,n,n,11,n,n,n,33,n,n,n,22,n,n,n,13,n,n,n,20,n,n,n,8,n,n,n,3,n,n,n
2025-05-13 17:30:00,22,n,n,n,17,n,n,n,6,n,n,n,56,n,n,n,22,n,n,n,12,n,n,n,52,n,n,n,31,n,n,n,24,n,n,n,28,n,n,n,14,n,n,n,7,n,n,n
2025-05-13 18:30:00,21,n,n,n,14,n,n,n,7,n,n,n,61,n,n,n,23,n,n,n,14,n,n,n,57,n,n,n,33,n,n,n,19,n,n,n,29,n,n,n,27,n,n,n,11,n,n,n
2025-05-13 19:30:00,n,n,n,n,n,n,n,n,n,n,n,n,31,n,n,n,14,n,n,n,11,n,n,n,23,n,n,n,18,n,n,n,13,n,n,n,27,n,n,n,12,n,n,n,12,n,n,n
2025-05-13 20:30:00,8,n,n,n,10,n,n,n,6,n,n,n,23,n,n,n,12,n,n,n,11,n,n,n,17,n,n,n,16,n,n,n,13,n,n,n,16,n,n,n,8,n,n,n,7,n,n,n
2025-05-13 21:30:00,8,n,n,n,7,n,n,n,2,n,n,n,15,n,n,n,9,n,n,n,7,n,n,n,12,n,n,n,12,n,n,n,12,n,n,n,7,n,n,n,3,n,n,n,3,n,n,n
2025-05-13 22:30:00,16,n,n,n,15,n,n,n,3,n,n,n,13,n,n,n,7,n,n,n,5,n,n,n,30,n,n,n,12,n,n,n,13,n,n,n,19,n,n,n,3,n,n,n,2,n,n,n
2025-05-13 23:30:00,6,n,n,n,9,n,n,n,8,n,n,n,27,n,n,n,5,n,n,n,7,n,n,n,24,n,n,n,20,n,n,n,9,n,n,n,12,n,n,n,3,n,n,n,9,n,n,n
2025-05-14 00:30:00,17,n,n,n,7,n,n,n,7,n,n,n,33,n,n,n,n,n,n,n,8,n,n,n,22,n,n,n,19,n,n,n,10,n,n,n,16,n,n,n,5,n,n,n,7,n,n,n
2025-05-14 01:30:00,18,n,n,n,10,n,n,n,6,n,n,n,17,n,n,n,n,n,n,n,6,n,n,n,28,n,n,n,17,n,n,n,13,n,n,n,19,n,n,n,7,n,n,n,11,n,n,n
2025-05-14 02:30:00,12,n,n,n,6,n,n,n,7,n,n,n,20,n,n,n,n,n,n,n,7,n,n,n,35,n,n,n,28,n,n,n,13,n,n,n,18,n,n,n,7,n,n,n,7,n,n,n
2025-05-14 03:30:00,11,n,n,n,6,n,n,n,3,n,n,n,21,n,n,n,9,n,n,n,6,n,n,n,32,n,n,n,23,n,n,n,16,n,n,n,11,n,n,n,3,n,n,n,7,n,n,n
2025-05-14 04:30:00,14,n,n,n,9,n,n,n,2,n,n,n,25,n,n,n,14,n,n,n,5,n,n,n,24,n,n,n,16,n,n,n,12,n,n,n,14,n,n,n,6,n,n,n,7,n,n,n
2025-05-14 05:30:00,32,n,n,n,19,n,n,n,8,n,n,n,31,n,n,n,13,n,n,n,7,n,n,n,36,n,n,n,30,n,n,n,18,n,n,n,17,n,n,n,9,n,n,n,8,n,n,n
2025-05-14 06:30:00,71,n,n,n,31,n,n,n,9,n,n,n,95,n,n,n,31,n,n,n,12,n,n,n,49,n,n,n,24,n,n,n,16,n,n,n,24,n,n,n,7,n,n,n,9,n,n,n
2025-05-14 07:30:00,60,n,n,n,30,n,n,n,7,n,n,n,71,n,n,n,30,n,n,n,13,n,n,n,40,n,n,n,31,n,n,n,12,n,n,n,29,n,n,n,24,n,n,n,11,n,n,n
2025-05-14 08:30:00,12,n,n,n,14,n,n,n,6,n,n,n,36,n,n,n,17,n,n,n,11,n,n,n,25,n,n,n,22,n,n,n,15,n,n,n,19,n,n,n,3,n,n,n,7,n,n,n
2025-05-14 09:30:00,16,n,n,n,17,n,n,n,6,n,n,n,37,n,n,n,n,n,n,n,11,n,n,n,19,n,n,n,14,n,n,n,12,n,n,n,14,n,n,n,5,n,n,n,6,n,n,n
2025-05-14 10:30:00,18,n,n,n,14,n,n,n,3,n,n,n,31,n,n,n,n,n,n,n,11,n,n,n,19,n,n,n,19,n,n,n,13,n,n,n,12,n,n,n,8,n,n,n,6,n,n,n
2025-05-14 11:30:00,16,n,n,n,10,n,n,n,8,n,n,n,29,n,n,n,n,n,n,n,8,n,n,n,19,n,n,n,14,n,n,n,9,n,n,n,18,n,n,n,6,n,n,n,7,n,n,n
2025-05-14 12:00:00,n,n,24,VM,n,n,13.8,VM,n,n,6.7,VM,n,n,35.8,VM,n,n,n,n,n,n,8.8,VM,n,n,32.3,VM,n,n,22,VM,n,n,13.3,VM,n,n,20.1,VM,n,n,9,VM,n,n,8,VM
2025-05-14 12:30:00,19,n,n,n,9,n,n,n,7,n,n,n,35,n,n,n,n,n,n,n,11,n,n,n,20,n,n,n,14,n,n,n,10,n,n,n,12,n,n,n,7,n,n,n,11,n,n,n
2025-05-14 13:30:00,17,n,n,n,7,n,n,n,6,n,n,n,29,n,n,n,n,n,n,n,7,n,n,n,41,n,n,n,27,n,n,n,10,n,n,n,17,n,n,n,7,n,n,n,9,n,n,n
2025-05-14 14:30:00,19,n,n,n,10,n,n,n,7,n,n,n,30,n,n,n,n,n,n,n,7,n,n,n,28,n,n,n,18,n,n,n,9,n,n,n,17,n,n,n,8,n,n,n,9,n,n,n
2025-05-14 15:30:00,21,n,n,n,10,n,n,n,5,n,n,n,33,n,n,n,8,n,n,n,9,n,n,n,25,n,n,n,19,n,n,n,9,n,n,n,27,n,n,n,8,n,n,n,7,n,n,n
2025-05-14 16:30:00,n,n,n,n,n,n,n,n,n,n,n,n,38,n,n,n,9,n,n,n,9,n,n,n,25,n,n,n,16,n,n,n,14,n,n,n,28,n,n,n,9,n,n,n,7,n,n,n
2025-05-14 17:30:00,24,n,n,n,11,n,n,n,5,n,n,n,46,n,n,n,13,n,n,n,8,n,n,n,42,n,n,n,27,n,n,n,19,n,n,n,20,n,n,n,9,n,n,n,5,n,n,n
2025-05-14 18:30:00,23,n,n,n,12,n,n,n,11,n,n,n,37,n,n,n,12,n,n,n,14,n,n,n,42,n,n,n,29,n,n,n,20,n,n,n,24,n,n,n,14,n,n,n,6,n,n,n
2025-05-14 19:30:00,20,n,n,n,19,n,n,n,8,n,n,n,31,n,n,n,11,n,n,n,7,n,n,n,44,n,n,n,25,n,n,n,13,n,n,n,19,n,n,n,13,n,n,n,11,n,n,n
2025-05-14 20:30:00,36,n,n,n,15,n,n,n,8,n,n,n,32,n,n,n,9,n,n,n,8,n,n,n,39,n,n,n,29,n,n,n,19,n,n,n,30,n,n,n,17,n,n,n,12,n,n,n
2025-05-14 21:30:00,32,n,n,n,18,n,n,n,9,n,n,n,23,n,n,n,9,n,n,n,7,n,n,n,48,n,n,n,25,n,n,n,13,n,n,n,30,n,n,n,13,n,n,n,8,n,n,n
2025-05-14 22:30:00,20,n,n,n,19,n,n,n,9,n,n,n,42,n,n,n,16,n,n,n,9,n,n,n,39,n,n,n,19,n,n,n,10,n,n,n,24,n,n,n,14,n,n,n,7,n,n,n
2025-05-14 23:30:00,23,n,n,n,15,n,n,n,7,n,n,n,38,n,n,n,12,n,n,n,11,n,n,n,35,n,n,n,22,n,n,n,14,n,n,n,23,n,n,n,8,n,n,n,6,n,n,n
2025-05-15 00:30:00,17,n,n,n,6,n,n,n,7,n,n,n,33,n,n,n,11,n,n,n,13,n,n,n,31,n,n,n,23,n,n,n,15,n,n,n,12,n,n,n,7,n,n,n,5,n,n,n
2025-05-15 01:30:00,12,n,n,n,8,n,n,n,5,n,n,n,29,n,n,n,13,n,n,n,9,n,n,n,26,n,n,n,20,n,n,n,15,n,n,n,19,n,n,n,9,n,n,n,3,n,n,n
2025-05-15 02:30:00,15,n,n,n,13,n,n,n,6,n,n,n,35,n,n,n,11,n,n,n,8,n,n,n,28,n,n,n,22,n,n,n,10,n,n,n,19,n,n,n,6,n,n,n,5,n,n,n
2025-05-15 03:30:00,17,n,n,n,13,n,n,n,8,n,n,n,23,n,n,n,9,n,n,n,6,n,n,n,27,n,n,n,17,n,n,n,9,n,n,n,14,n,n,n,5,n,n,n,6,n,n,n
2025-05-15 04:30:00,21,n,n,n,7,n,n,n,7,n,n,n,21,n,n,n,13,n,n,n,5,n,n,n,18,n,n,n,18,n,n,n,12,n,n,n,13,n,n,n,7,n,n,n,8,n,n,n
2025-05-15 05:30:00,15,n,n,n,8,n,n,n,6,n,n,n,31,n,n,n,8,n,n,n,6,n,n,n,17,n,n,n,9,n,n,n,9,n,n,n,14,n,n,n,5,n,n,n,7,n,n,n
2025-05-15 06:30:00,27,n,n,n,10,n,n,n,6,n,n,n,55,n,n,n,16,n,n,n,7,n,n,n,31,n,n,n,22,n,n,n,13,n,n,n,23,n,n,n,5,n,n,n,7,n,n,n
2025-05-15 07:30:00,19,n,n,n,8,n,n,n,5,n,n,n,35,n,n,n,6,n,n,n,12,n,n,n,30,n,n,n,18,n,n,n,8,n,n,n,19,n,n,n,8,n,n,n,7,n,n,n
2025-05-15 08:30:00,13,n,n,n,14,n,n,n,3,n,n,n,32,n,n,n,12,n,n,n,8,n,n,n,32,n,n,n,23,n,n,n,14,n,n,n,22,n,n,n,11,n,n,n,7,n,n,n
2025-05-15 09:30:00,n,n,n,n,n,n,n,n,n,n,n,n,29,n,n,n,11,n,n,n,9,n,n,n,24,n,n,n,13,n,n,n,15,n,n,n,18,n,n,n,6,n,n,n,7,n,n,n
2025-05-15 10:30:00,8,n,n,n,12,n,n,n,8,n,n,n,26,n,n,n,7,n,n,n,7,n,n,n,24,n,n,n,20,n,n,n,6,n,n,n,20,n,n,n,3,n,n,n,7,n,n,n
2025-05-15 11:30:00,17,n,n,n,14,n,n,n,3,n,n,n,50,n,n,n,11,n,n,n,6,n,n,n,20,n,n,n,17,n,n,n,14,n,n,n,16,n,n,n,3,n,n,n,9,n,n,n
2025-05-15 12:00:00,n,n,31.2,VM,n,n,15.9,VM,n,n,5.9,VM,n,n,41.8,VM,n,n,14.7,VM,n,n,10.1,VM,n,n,36,VM,n,n,22.9,VM,n,n,14,VM,n,n,22.7,VM,n,n,10.1,VM,n,n,8.6,VM
2025-05-15 12:30:00,8,n,n,n,11,n,n,n,7,n,n,n,30,n,n,n,12,n,n,n,5,n,n,n,28,n,n,n,17,n,n,n,16,n,n,n,20,n,n,n,3,n,n,n,9,n,n,n
2025-05-15 13:30:00,19,n,n,n,10,n,n,n,5,n,n,n,29,n,n,n,8,n,n,n,7,n,n,n,17,n,n,n,17,n,n,n,11,n,n,n,12,n,n,n,3,n,n,n,7,n,n,n
2025-05-15 14:30:00,16,n,n,n,7,n,n,n,3,n,n,n,30,n,n,n,9,n,n,n,6,n,n,n,32,n,n,n,24,n,n,n,15,n,n,n,13,n,n,n,3,n,n,n,3,n,n,n
2025-05-15 15:30:00,15,n,n,n,8,n,n,n,5,n,n,n,32,n,n,n,6,n,n,n,9,n,n,n,42,n,n,n,28,n,n,n,17,n,n,n,30,n,n,n,16,n,n,n,9,n,n,n
2025-05-15 16:30:00,17,n,n,n,10,n,n,n,5,n,n,n,41,n,n,n,11,n,n,n,8,n,n,n,28,n,n,n,22,n,n,n,14,n,n,n,19,n,n,n,6,n,n,n,11,n,n,n
2025-05-15 17:30:00,23,n,n,n,11,n,n,n,5,n,n,n,52,n,n,n,14,n,n,n,8,n,n,n,42,n,n,n,24,n,n,n,19,n,n,n,28,n,n,n,22,n,n,n,13,n,n,n
2025-05-15 18:30:00,35,n,n,n,15,n,n,n,2,n,n,n,57,n,n,n,27,n,n,n,16,n,n,n,116,n,n,n,50,n,n,n,20,n,n,n,n,n,n,n,n,n,n,n,n,n,n,n
2025-05-15 19:30:00,79,n,n,n,44,n,n,n,2,n,n,n,54,n,n,n,24,n,n,n,22,n,n,n,67,n,n,n,33,n,n,n,18,n,n,n,46,n,n,n,23,n,n,n,12,n,n,n
2025-05-15 20:30:00,94,n,n,n,41,n,n,n,9,n,n,n,67,n,n,n,27,n,n,n,20,n,n,n,62,n,n,n,31,n,n,n,16,n,n,n,42,n,n,n,24,n,n,n,18,n,n,n
2025-05-15 21:30:00,86,n,n,n,41,n,n,n,14,n,n,n,75,n,n,n,30,n,n,n,13,n,n,n,43,n,n,n,25,n,n,n,16,n,n,n,42,n,n,n,25,n,n,n,17,n,n,n
2025-05-15 22:30:00,n,n,n,n,n,n,n,n,n,n,n,n,79,n,n,n,33,n,n,n,18,n,n,n,35,n,n,n,29,n,n,n,18,n,n,n,41,n,n,n,20,n,n,n,13,n,n,n
2025-05-15 23:30:00,113,n,n,n,39,n,n,n,8,n,n,n,57,n,n,n,24,n,n,n,14,n,n,n,44,n,n,n,27,n,n,n,16,n,n,n,20,n,n,n,12,n,n,n,8,n,n,n
2025-05-16 00:30:00,94,n,n,n,47,n,n,n,9,n,n,n,70,n,n,n,31,n,n,n,16,n,n,n,29,n,n,n,22,n,n,n,13,n,n,n,35,n,n,n,18,n,n,n,14,n,n,n
2025-05-16 01:30:00,69,n,n,n,36,n,n,n,7,n,n,n,62,n,n,n,28,n,n,n,16,n,n,n,28,n,n,n,20,n,n,n,18,n,n,n,35,n,n,n,12,n,n,n,13,n,n,n
2025-05-16 02:30:00,14,n,n,n,14,n,n,n,6,n,n,n,58,n,n,n,22,n,n,n,9,n,n,n,26,n,n,n,23,n,n,n,11,n,n,n,28,n,n,n,11,n,n,n,8,n,n,n
2025-05-16 03:30:00,22,n,n,n,14,n,n,n,9,n,n,n,44,n,n,n,18,n,n,n,8,n,n,n,26,n,n,n,24,n,n,n,10,n,n,n,23,n,n,n,16,n,n,n,8,n,n,n
2025-05-16 04:30:00,18,n,n,n,14,n,n,n,9,n,n,n,33,n,n,n,13,n,n,n,12,n,n,n,26,n,n,n,18,n,n,n,13,n,n,n,22,n,n,n,9,n,n,n,12,n,n,n
2025-05-16 05:30:00,21,n,n,n,13,n,n,n,8,n,n,n,59,n,n,n,24,n,n,n,11,n,n,n,27,n,n,n,22,n,n,n,13,n,n,n,18,n,n,n,6,n,n,n,12,n,n,n
2025-05-16 06:30:00,35,n,n,n,14,n,n,n,13,n,n,n,53,n,n,n,20,n,n,n,18,n,n,n,40,n,n,n,30,n,n,n,10,n,n,n,25,n,n,n,13,n,n,n,9,n,n,n
2025-05-16 07:30:00,27,n,n,n,13,n,n,n,9,n,n,n,55,n,n,n,17,n,n,n,7,n,n,n,48,n,n,n,30,n,n,n,14,n,n,n,19,n,n,n,9,n,n,n,8,n,n,n
2025-05-16 08:30:00,23,n,n,n,18,n,n,n,5,n,n,n,43,n,n,n,12,n,n,n,8,n,n,n,37,n,n,n,25,n,n,n,14,n,n,n,20,n,n,n,11,n,n,n,7,n,n,n
2025-05-16 09:30:00,20,n,n,n,16,n,n,n,6,n,n,n,40,n,n,n,13,n,n,n,8,n,n,n,29,n,n,n,28,n,n,n,12,n,n,n,19,n,n,n,11,n,n,n,7,n,n,n
2025-05-16 10:30:00,21,n,n,n,14,n,n,n,7,n,n,n,76,n,n,n,22,n,n,n,6,n,n,n,21,n,n,n,16,n,n,n,11,n,n,n,29,n,n,n,13,n,n,n,8,n,n,n
2025-05-16 11:30:00,19,n,n,n,18,n,n,n,11,n,n,n,61,n,n,n,23,n,n,n,9,n,n,n,21,n,n,n,14,n,n,n,9,n,n,n,22,n,n,n,12,n,n,n,6,n,n,n
2025-05-16 12:00:00,n,n,43.2,VM,n,n,22.5,VM,n,n,8.2,VM,n,n,56.6,VM,n,n,22,VM,n,n,12.3,VM,n,n,46.1,VM,n,n,28.5,VM,n,n,15,VM,n,n,27.2,VM,n,n,13.7,VM,n,n,9.9,VM
2025-05-16 12:30:00,18,n,n,n,13,n,n,n,7,n,n,n,29,n,n,n,16,n,n,n,8,n,n,n,36,n,n,n,24,n,n,n,11,n,n,n,18,n,n,n,8,n,n,n,7,n,n,n
2025-05-16 13:30:00,14,n,n,n,14,n,n,n,6,n,n,n,37,n,n,n,12,n,n,n,9,n,n,n,26,n,n,n,20,n,n,n,14,n,n,n,20,n,n,n,9,n,n,n,9,n,n,n
2025-05-16 14:30:00,20,n,n,n,13,n,n,n,6,n,n,n,51,n,n,n,16,n,n,n,9,n,n,n,35,n,n,n,20,n,n,n,18,n,n,n,29,n,n,n,14,n,n,n,8,n,n,n
2025-05-16 15:30:00,29,n,n,n,15,n,n,n,3,n,n,n,40,n,n,n,14,n,n,n,8,n,n,n,24,n,n,n,14,n,n,n,9,n,n,n,30,n,n,n,13,n,n,n,9,n,n,n
2025-05-16 16:30:00,38,n,n,n,13,n,n,n,7,n,n,n,43,n,n,n,14,n,n,n,12,n,n,n,30,n,n,n,20,n,n,n,11,n,n,n,20,n,n,n,9,n,n,n,7,n,n,n
2025-05-16 17:30:00,33,n,n,n,15,n,n,n,8,n,n,n,57,n,n,n,22,n,n,n,16,n,n,n,90,n,n,n,53,n,n,n,15,n,n,n,30,n,n,n,22,n,n,n,11,n,n,n
2025-05-16 18:30:00,46,n,n,n,22,n,n,n,7,n,n,n,74,n,n,n,24,n,n,n,7,n,n,n,127,n,n,n,63,n,n,n,34,n,n,n,36,n,n,n,16,n,n,n,11,n,n,n
2025-05-16 19:30:00,66,n,n,n,27,n,n,n,7,n,n,n,48,n,n,n,17,n,n,n,13,n,n,n,95,n,n,n,45,n,n,n,18,n,n,n,44,n,n,n,23,n,n,n,13,n,n,n
2025-05-16 20:30:00,91,n,n,n,44,n,n,n,8,n,n,n,74,n,n,n,35,n,n,n,23,n,n,n,69,n,n,n,41,n,n,n,20,n,n,n,56,n,n,n,31,n,n,n,17,n,n,n
2025-05-16 21:30:00,98,n,n,n,43,n,n,n,16,n,n,n,91,n,n,n,40,n,n,n,23,n,n,n,75,n,n,n,36,n,n,n,21,n,n,n,36,n,n,n,22,n,n,n,13,n,n,n
2025-05-16 22:30:00,111,n,n,n,47,n,n,n,12,n,n,n,93,n,n,n,44,n,n,n,19,n,n,n,71,n,n,n,41,n,n,n,18,n,n,n,14,n,n,n,11,n,n,n,12,n,n,n
2025-05-16 23:30:00,90,n,n,n,44,n,n,n,12,n,n,n,68,n,n,n,30,n,n,n,20,n,n,n,71,n,n,n,35,n,n,n,24,n,n,n,25,n,n,n,9,n,n,n,9,n,n,n
2025-05-17 00:30:00,113,n,n,n,50,n,n,n,9,n,n,n,69,n,n,n,25,n,n,n,14,n,n,n,65,n,n,n,34,n,n,n,18,n,n,n,17,n,n,n,9,n,n,n,7,n,n,n
2025-05-17 01:30:00,95,n,n,n,44,n,n,n,8,n,n,n,54,n,n,n,27,n,n,n,9,n,n,n,43,n,n,n,30,n,n,n,13,n,n,n,17,n,n,n,7,n,n,n,7,n,n,n
2025-05-17 02:30:00,115,n,n,n,65,n,n,n,9,n,n,n,40,n,n,n,13,n,n,n,13,n,n,n,36,n,n,n,22,n,n,n,13,n,n,n,18,n,n,n,8,n,n,n,13,n,n,n
2025-05-17 03:30:00,97,n,n,n,53,n,n,n,9,n,n,n,42,n,n,n,16,n,n,n,8,n,n,n,24,n,n,n,18,n,n,n,15,n,n,n,30,n,n,n,17,n,n,n,12,n,n,n
2025-05-17 04:30:00,70,n,n,n,41,n,n,n,6,n,n,n,37,n,n,n,16,n,n,n,7,n,n,n,26,n,n,n,27,n,n,n,10,n,n,n,25,n,n,n,14,n,n,n,12,n,n,n
2025-05-17 05:30:00,67,n,n,n,31,n,n,n,14,n,n,n,42,n,n,n,23,n,n,n,13,n,n,n,30,n,n,n,18,n,n,n,11,n,n,n,24,n,n,n,14,n,n,n,8,n,n,n
2025-05-17 06:30:00,43,n,n,n,24,n,n,n,11,n,n,n,51,n,n,n,19,n,n,n,12,n,n,n,43,n,n,n,27,n,n,n,15,n,n,n,27,n,n,n,17,n,n,n,9,n,n,n
2025-05-17 07:30:00,36,n,n,n,23,n,n,n,8,n,n,n,48,n,n,n,22,n,n,n,14,n,n,n,95,n,n,n,72,n,n,n,58,n,n,n,29,n,n,n,14,n,n,n,13,n,n,n
2025-05-17 08:30:00,40,n,n,n,26,n,n,n,8,n,n,n,47,n,n,n,19,n,n,n,8,n,n,n,36,n,n,n,27,n,n,n,13,n,n,n,19,n,n,n,14,n,n,n,9,n,n,n
2025-05-17 09:30:00,44,n,n,n,22,n,n,n,8,n,n,n,41,n,n,n,13,n,n,n,9,n,n,n,30,n,n,n,23,n,n,n,13,n,n,n,12,n,n,n,8,n,n,n,8,n,n,n
2025-05-17 10:30:00,41,n,n,n,17,n,n,n,8,n,n,n,37,n,n,n,13,n,n,n,11,n,n,n,26,n,n,n,22,n,n,n,11,n,n,n,13,n,n,n,8,n,n,n,7,n,n,n
2025-05-17 11:30:00,23,n,n,n,16,n,n,n,7,n,n,n,34,n,n,n,9,n,n,n,12,n,n,n,35,n,n,n,20,n,n,n,12,n,n,n,17,n,n,n,9,n,n,n,7,n,n,n
2025-05-17 12:00:00,n,n,52,VM,n,n,27.8,VM,n,n,9.2,VM,n,n,43,VM,n,n,17.8,VM,n,n,11.8,VM,n,n,41.4,VM,n,n,29.1,VM,n,n,17.3,VM,n,n,22,VM,n,n,12.4,VM,n,n,10.1,VM
2025-05-17 12:30:00,21,n,n,n,15,n,n,n,11,n,n,n,28,n,n,n,9,n,n,n,8,n,n,n,19,n,n,n,14,n,n,n,11,n,n,n,13,n,n,n,7,n,n,n,6,n,n,n
2025-05-17 13:30:00,27,n,n,n,15,n,n,n,9,n,n,n,30,n,n,n,9,n,n,n,7,n,n,n,24,n,n,n,19,n,n,n,10,n,n,n,17,n,n,n,5,n,n,n,7,n,n,n
2025-05-17 14:30:00,31,n,n,n,15,n,n,n,7,n,n,n,35,n,n,n,9,n,n,n,11,n,n,n,23,n,n,n,18,n,n,n,9,n,n,n,14,n,n,n,5,n,n,n,8,n,n,n
2025-05-17 15:30:00,31,n,n,n,15,n,n,n,5,n,n,n,41,n,n,n,11,n,n,n,9,n,n,n,41,n,n,n,27,n,n,n,15,n,n,n,19,n,n,n,5,n,n,n,8,n,n,n
2025-05-17 16:30:00,34,n,n,n,17,n,n,n,6,n,n,n,37,n,n,n,16,n,n,n,8,n,n,n,36,n,n,n,24,n,n,n,16,n,n,n,22,n,n,n,9,n,n,n,9,n,n,n
2025-05-17 17:30:00,27,n,n,n,15,n,n,n,3,n,n,n,39,n,n,n,14,n,n,n,7,n,n,n,46,n,n,n,41,n,n,n,29,n,n,n,24,n,n,n,18,n,n,n,9,n,n,n
2025-05-17 18:30:00,41,n,n,n,20,n,n,n,8,n,n,n,52,n,n,n,23,n,n,n,22,n,n,n,45,n,n,n,38,n,n,n,24,n,n,n,35,n,n,n,25,n,n,n,20,n,n,n
2025-05-17 19:30:00,53,n,n,n,28,n,n,n,11,n,n,n,50,n,n,n,28,n,n,n,25,n,n,n,86,n,n,n,42,n,n,n,17,n,n,n,27,n,n,n,12,n,n,n,16,n,n,n
2025-05-17 20:30:00,79,n,n,n,40,n,n,n,18,n,n,n,46,n,n,n,27,n,n,n,18,n,n,n,57,n,n,n,36,n,n,n,17,n,n,n,29,n,n,n,23,n,n,n,13,n,n,n
2025-05-17 21:30:00,51,n,n,n,31,n,n,n,14,n,n,n,50,n,n,n,23,n,n,n,13,n,n,n,48,n,n,n,31,n,n,n,23,n,n,n,30,n,n,n,13,n,n,n,17,n,n,n
2025-05-17 22:30:00,41,n,n,n,24,n,n,n,16,n,n,n,47,n,n,n,22,n,n,n,n,n,n,n,39,n,n,n,39,n,n,n,27,n,n,n,24,n,n,n,18,n,n,n,7,n,n,n
2025-05-17 23:30:00,29,n,n,n,21,n,n,n,7,n,n,n,36,n,n,n,22,n,n,n,14,n,n,n,41,n,n,n,29,n,n,n,16,n,n,n,25,n,n,n,18,n,n,n,11,n,n,n
2025-05-18 00:30:00,33,n,n,n,18,n,n,n,11,n,n,n,47,n,n,n,22,n,n,n,18,n,n,n,33,n,n,n,25,n,n,n,19,n,n,n,22,n,n,n,2,n,n,n,11,n,n,n
2025-05-18 01:30:00,31,n,n,n,14,n,n,n,11,n,n,n,49,n,n,n,19,n,n,n,16,n,n,n,30,n,n,n,27,n,n,n,15,n,n,n,28,n,n,n,13,n,n,n,14,n,n,n
2025-05-18 02:30:00,37,n,n,n,18,n,n,n,8,n,n,n,35,n,n,n,18,n,n,n,14,n,n,n,29,n,n,n,20,n,n,n,17,n,n,n,18,n,n,n,9,n,n,n,12,n,n,n
2025-05-18 03:30:00,43,n,n,n,21,n,n,n,9,n,n,n,35,n,n,n,19,n,n,n,13,n,n,n,21,n,n,n,23,n,n,n,14,n,n,n,20,n,n,n,8,n,n,n,13,n,n,n
2025-05-18 04:30:00,42,n,n,n,19,n,n,n,6,n,n,n,39,n,n,n,19,n,n,n,11,n,n,n,23,n,n,n,19,n,n,n,10,n,n,n,17,n,n,n,5,n,n,n,12,n,n,n
2025-05-18 05:30:00,37,n,n,n,19,n,n,n,11,n,n,n,35,n,n,n,11,n,n,n,13,n,n,n,17,n,n,n,13,n,n,n,12,n,n,n,12,n,n,n,6,n,n,n,9,n,n,n
2025-05-18 06:30:00,37,n,n,n,27,n,n,n,14,n,n,n,60,n,n,n,24,n,n,n,12,n,n,n,16,n,n,n,13,n,n,n,15,n,n,n,24,n,n,n,6,n,n,n,9,n,n,n
2025-05-18 07:30:00,24,n,n,n,13,n,n,n,5,n,n,n,37,n,n,n,13,n,n,n,9,n,n,n,23,n,n,n,17,n,n,n,12,n,n,n,18,n,n,n,3,n,n,n,8,n,n,n
2025-05-18 08:30:00,22,n,n,n,19,n,n,n,14,n,n,n,33,n,n,n,14,n,n,n,17,n,n,n,22,n,n,n,17,n,n,n,12,n,n,n,22,n,n,n,19,n,n,n,13,n,n,n
2025-05-18 10:30:00,31,n,n,n,17,n,n,n,7,n,n,n,27,n,n,n,8,n,n,n,8,n,n,n,19,n,n,n,13,n,n,n,11,n,n,n,14,n,n,n,8,n,n,n,2,n,n,n
2025-05-18 11:30:00,17,n,n,n,11,n,n,n,11,n,n,n,29,n,n,n,11,n,n,n,8,n,n,n,17,n,n,n,18,n,n,n,18,n,n,n,16,n,n,n,8,n,n,n,3,n,n,n
2025-05-18 12:00:00,n,n,28.8,VM,n,n,16.7,VM,n,n,9,VM,n,n,39,VM,n,n,16.3,VM,n,n,13.2,VM,n,n,28.3,VM,n,n,21.1,VM,n,n,15.7,VM,n,n,22,VM,n,n,10.4,VM,n,n,9.7,VM
2025-05-18 12:30:00,11,n,n,n,7,n,n,n,9,n,n,n,24,n,n,n,7,n,n,n,9,n,n,n,15,n,n,n,13,n,n,n,7,n,n,n,11,n,n,n,7,n,n,n,5,n,n,n
2025-05-18 13:30:00,9,n,n,n,12,n,n,n,7,n,n,n,22,n,n,n,2,n,n,n,11,n,n,n,12,n,n,n,11,n,n,n,13,n,n,n,7,n,n,n,6,n,n,n,11,n,n,n
2025-05-18 14:30:00,6,n,n,n,8,n,n,n,7,n,n,n,19,n,n,n,3,n,n,n,6,n,n,n,10,n,n,n,11,n,n,n,10,n,n,n,13,n,n,n,5,n,n,n,9,n,n,n
2025-05-18 15:30:00,13,n,n,n,6,n,n,n,5,n,n,n,25,n,n,n,8,n,n,n,14,n,n,n,15,n,n,n,13,n,n,n,10,n,n,n,13,n,n,n,3,n,n,n,6,n,n,n
2025-05-18 16:30:00,10,n,n,n,5,n,n,n,6,n,n,n,23,n,n,n,8,n,n,n,9,n,n,n,14,n,n,n,16,n,n,n,11,n,n,n,12,n,n,n,5,n,n,n,8,n,n,n
2025-05-18 17:30:00,27,n,n,n,12,n,n,n,6,n,n,n,32,n,n,n,12,n,n,n,11,n,n,n,31,n,n,n,27,n,n,n,24,n,n,n,23,n,n,n,12,n,n,n,11,n,n,n
2025-05-18 18:30:00,33,n,n,n,17,n,n,n,8,n,n,n,44,n,n,n,20,n,n,n,20,n,n,n,76,n,n,n,41,n,n,n,25,n,n,n,31,n,n,n,17,n,n,n,9,n,n,n
2025-05-18 19:30:00,24,n,n,n,16,n,n,n,6,n,n,n,38,n,n,n,22,n,n,n,8,n,n,n,65,n,n,n,31,n,n,n,23,n,n,n,35,n,n,n,20,n,n,n,12,n,n,n
2025-05-18 20:30:00,33,n,n,n,24,n,n,n,8,n,n,n,65,n,n,n,33,n,n,n,19,n,n,n,51,n,n,n,41,n,n,n,27,n,n,n,40,n,n,n,22,n,n,n,13,n,n,n
2025-05-18 21:30:00,46,n,n,n,20,n,n,n,12,n,n,n,59,n,n,n,24,n,n,n,17,n,n,n,39,n,n,n,24,n,n,n,23,n,n,n,40,n,n,n,22,n,n,n,16,n,n,n
2025-05-18 22:30:00,52,n,n,n,33,n,n,n,14,n,n,n,61,n,n,n,28,n,n,n,20,n,n,n,42,n,n,n,29,n,n,n,17,n,n,n,n,n,n,n,n,n,n,n,n,n,n,n
2025-05-18 23:30:00,44,n,n,n,28,n,n,n,11,n,n,n,58,n,n,n,30,n,n,n,20,n,n,n,32,n,n,n,24,n,n,n,17,n,n,n,47,n,n,n,23,n,n,n,7,n,n,n
2025-05-19 00:30:00,53,n,n,n,25,n,n,n,8,n,n,n,54,n,n,n,27,n,n,n,19,n,n,n,37,n,n,n,17,n,n,n,17,n,n,n,45,n,n,n,28,n,n,n,16,n,n,n
2025-05-19 01:30:00,44,n,n,n,29,n,n,n,9,n,n,n,56,n,n,n,27,n,n,n,17,n,n,n,21,n,n,n,18,n,n,n,11,n,n,n,36,n,n,n,14,n,n,n,12,n,n,n
2025-05-19 02:30:00,46,n,n,n,24,n,n,n,13,n,n,n,41,n,n,n,24,n,n,n,12,n,n,n,22,n,n,n,18,n,n,n,17,n,n,n,25,n,n,n,13,n,n,n,9,n,n,n
2025-05-19 03:30:00,41,n,n,n,21,n,n,n,9,n,n,n,42,n,n,n,13,n,n,n,13,n,n,n,25,n,n,n,16,n,n,n,13,n,n,n,28,n,n,n,18,n,n,n,7,n,n,n
2025-05-19 04:30:00,33,n,n,n,23,n,n,n,7,n,n,n,40,n,n,n,17,n,n,n,9,n,n,n,29,n,n,n,14,n,n,n,13,n,n,n,25,n,n,n,6,n,n,n,12,n,n,n
2025-05-19 05:30:00,47,n,n,n,27,n,n,n,6,n,n,n,n,n,n,n,n,n,n,n,n,n,n,n,37,n,n,n,24,n,n,n,16,n,n,n,29,n,n,n,17,n,n,n,11,n,n,n
2025-05-19 06:30:00,38,n,n,n,22,n,n,n,8,n,n,n,n,n,n,n,22,n,n,n,14,n,n,n,53,n,n,n,28,n,n,n,13,n,n,n,40,n,n,n,20,n,n,n,12,n,n,n
2025-05-19 07:30:00,47,n,n,n,33,n,n,n,8,n,n,n,78,n,n,n,33,n,n,n,20,n,n,n,90,n,n,n,66,n,n,n,26,n,n,n,50,n,n,n,27,n,n,n,11,n,n,n
2025-05-19 08:30:00,42,n,n,n,32,n,n,n,11,n,n,n,64,n,n,n,25,n,n,n,n,n,n,n,64,n,n,n,50,n,n,n,25,n,n,n,58,n,n,n,25,n,n,n,16,n,n,n
2025-05-19 09:30:00,34,n,n,n,23,n,n,n,8,n,n,n,43,n,n,n,17,n,n,n,9,n,n,n,32,n,n,n,25,n,n,n,12,n,n,n,20,n,n,n,13,n,n,n,8,n,n,n
2025-05-19 10:30:00,30,n,n,n,17,n,n,n,7,n,n,n,40,n,n,n,14,n,n,n,8,n,n,n,24,n,n,n,23,n,n,n,9,n,n,n,13,n,n,n,11,n,n,n,6,n,n,n
2025-05-19 11:30:00,31,n,n,n,17,n,n,n,7,n,n,n,39,n,n,n,17,n,n,n,8,n,n,n,21,n,n,n,22,n,n,n,12,n,n,n,17,n,n,n,9,n,n,n,5,n,n,n
2025-05-19 12:00:00,n,n,61.8,VM,n,n,30,VM,n,n,8,VM,n,n,58.4,VM,n,n,24.3,VM,n,n,13.4,VM,n,n,47.4,VM,n,n,29.6,VM,n,n,15.2,VM,n,n,36.5,VM,n,n,19.1,VM,n,n,10.3,VM
2025-05-19 12:30:00,23,n,n,n,17,n,n,n,6,n,n,n,36,n,n,n,11,n,n,n,7,n,n,n,35,n,n,n,28,n,n,n,12,n,n,n,17,n,n,n,13,n,n,n,6,n,n,n
2025-05-19 13:30:00,40,n,n,n,21,n,n,n,n,n,n,n,n,n,n,n,13,n,n,n,7,n,n,n,38,n,n,n,14,n,n,n,9,n,n,n,18,n,n,n,9,n,n,n,8,n,n,n
2025-05-19 14:30:00,65,n,n,n,28,n,n,n,7,n,n,n,39,n,n,n,12,n,n,n,n,n,n,n,22,n,n,n,33,n,n,n,8,n,n,n,25,n,n,n,13,n,n,n,n,n,n,n
2025-05-19 15:30:00,52,n,n,n,24,n,n,n,7,n,n,n,42,n,n,n,19,n,n,n,7,n,n,n,48,n,n,n,35,n,n,n,12,n,n,n,34,n,n,n,19,n,n,n,5,n,n,n
2025-05-19 16:30:00,31,n,n,n,17,n,n,n,3,n,n,n,51,n,n,n,17,n,n,n,6,n,n,n,47,n,n,n,36,n,n,n,18,n,n,n,34,n,n,n,16,n,n,n,8,n,n,n
2025-05-19 17:30:00,55,n,n,n,25,n,n,n,5,n,n,n,60,n,n,n,29,n,n,n,n,n,n,n,99,n,n,n,47,n,n,n,17,n,n,n,27,n,n,n,16,n,n,n,6,n,n,n
2025-05-19 18:30:00,130,n,n,n,61,n,n,n,12,n,n,n,73,n,n,n,28,n,n,n,16,n,n,n,95,n,n,n,40,n,n,n,22,n,n,n,31,n,n,n,16,n,n,n,9,n,n,n
2025-05-19 19:30:00,143,n,n,n,60,n,n,n,9,n,n,n,74,n,n,n,38,n,n,n,23,n,n,n,70,n,n,n,41,n,n,n,19,n,n,n,69,n,n,n,30,n,n,n,8,n,n,n
2025-05-19 20:30:00,159,n,n,n,66,n,n,n,6,n,n,n,94,n,n,n,44,n,n,n,16,n,n,n,62,n,n,n,30,n,n,n,16,n,n,n,91,n,n,n,46,n,n,n,17,n,n,n
2025-05-19 21:30:00,109,n,n,n,49,n,n,n,8,n,n,n,98,n,n,n,44,n,n,n,19,n,n,n,51,n,n,n,30,n,n,n,16,n,n,n,51,n,n,n,29,n,n,n,19,n,n,n
2025-05-19 22:30:00,n,n,n,n,n,n,n,n,n,n,n,n,92,n,n,n,41,n,n,n,23,n,n,n,42,n,n,n,25,n,n,n,17,n,n,n,46,n,n,n,29,n,n,n,11,n,n,n
2025-05-19 23:30:00,129,n,n,n,29,n,n,n,11,n,n,n,70,n,n,n,28,n,n,n,16,n,n,n,73,n,n,n,31,n,n,n,15,n,n,n,46,n,n,n,22,n,n,n,14,n,n,n
2025-05-20 00:30:00,87,n,n,n,28,n,n,n,8,n,n,n,n,n,n,n,18,n,n,n,13,n,n,n,30,n,n,n,22,n,n,n,15,n,n,n,41,n,n,n,20,n,n,n,7,n,n,n
2025-05-20 01:30:00,226,n,n,n,43,n,n,n,8,n,n,n,90,n,n,n,35,n,n,n,16,n,n,n,31,n,n,n,25,n,n,n,14,n,n,n,40,n,n,n,20,n,n,n,8,n,n,n
2025-05-20 02:30:00,115,n,n,n,36,n,n,n,11,n,n,n,80,n,n,n,36,n,n,n,13,n,n,n,33,n,n,n,24,n,n,n,11,n,n,n,44,n,n,n,16,n,n,n,14,n,n,n
2025-05-20 03:30:00,99,n,n,n,41,n,n,n,9,n,n,n,83,n,n,n,35,n,n,n,13,n,n,n,25,n,n,n,22,n,n,n,14,n,n,n,58,n,n,n,18,n,n,n,7,n,n,n
2025-05-20 04:30:00,71,n,n,n,30,n,n,n,8,n,n,n,62,n,n,n,33,n,n,n,17,n,n,n,28,n,n,n,27,n,n,n,13,n,n,n,58,n,n,n,19,n,n,n,13,n,n,n
2025-05-20 05:30:00,73,n,n,n,30,n,n,n,16,n,n,n,72,n,n,n,34,n,n,n,16,n,n,n,34,n,n,n,25,n,n,n,12,n,n,n,64,n,n,n,24,n,n,n,11,n,n,n
2025-05-20 06:30:00,77,n,n,n,33,n,n,n,16,n,n,n,89,n,n,n,34,n,n,n,18,n,n,n,53,n,n,n,n,n,n,n,n,n,n,n,58,n,n,n,20,n,n,n,7,n,n,n
2025-05-20 07:30:00,81,n,n,n,37,n,n,n,14,n,n,n,127,n,n,n,48,n,n,n,16,n,n,n,62,n,n,n,39,n,n,n,15,n,n,n,67,n,n,n,39,n,n,n,17,n,n,n
2025-05-20 08:30:00,88,n,n,n,41,n,n,n,13,n,n,n,93,n,n,n,39,n,n,n,14,n,n,n,65,n,n,n,46,n,n,n,19,n,n,n,61,n,n,n,31,n,n,n,17,n,n,n
2025-05-20 09:30:00,61,n,n,n,24,n,n,n,8,n,n,n,67,n,n,n,24,n,n,n,11,n,n,n,56,n,n,n,31,n,n,n,13,n,n,n,28,n,n,n,16,n,n,n,8,n,n,n
2025-05-20 10:30:00,33,n,n,n,20,n,n,n,9,n,n,n,42,n,n,n,14,n,n,n,8,n,n,n,32,n,n,n,22,n,n,n,14,n,n,n,28,n,n,n,8,n,n,n,12,n,n,n
2025-05-20 11:30:00,52,n,n,n,25,n,n,n,8,n,n,n,63,n,n,n,20,n,n,n,11,n,n,n,35,n,n,n,28,n,n,n,10,n,n,n,28,n,n,n,18,n,n,n,13,n,n,n
2025-05-20 12:00:00,n,n,76,VM,n,n,31,VM,n,n,10.2,VM,n,n,84.7,VM,n,n,33.6,VM,n,n,13.5,VM,n,n,72,VM,n,n,40.6,VM,n,n,16.8,VM,n,n,44.6,VM,n,n,18.4,VM,n,n,10.2,VM
2025-05-20 12:30:00,52,n,n,n,25,n,n,n,8,n,n,n,70,n,n,n,24,n,n,n,12,n,n,n,39,n,n,n,24,n,n,n,12,n,n,n,27,n,n,n,14,n,n,n,9,n,n,n
2025-05-20 13:30:00,61,n,n,n,28,n,n,n,9,n,n,n,50,n,n,n,17,n,n,n,11,n,n,n,36,n,n,n,20,n,n,n,10,n,n,n,24,n,n,n,7,n,n,n,9,n,n,n
2025-05-20 14:30:00,44,n,n,n,22,n,n,n,7,n,n,n,50,n,n,n,17,n,n,n,9,n,n,n,36,n,n,n,23,n,n,n,13,n,n,n,20,n,n,n,11,n,n,n,7,n,n,n
2025-05-20 15:30:00,31,n,n,n,14,n,n,n,6,n,n,n,45,n,n,n,12,n,n,n,7,n,n,n,26,n,n,n,23,n,n,n,9,n,n,n,27,n,n,n,13,n,n,n,5,n,n,n
2025-05-20 16:30:00,109,n,n,n,43,n,n,n,7,n,n,n,70,n,n,n,27,n,n,n,8,n,n,n,50,n,n,n,38,n,n,n,11,n,n,n,22,n,n,n,9,n,n,n,3,n,n,n
2025-05-20 17:30:00,108,n,n,n,41,n,n,n,9,n,n,n,164,n,n,n,64,n,n,n,11,n,n,n,415,n,n,n,161,n,n,n,46,n,n,n,99,n,n,n,34,n,n,n,8,n,n,n
2025-05-20 18:30:00,65,n,n,n,29,n,n,n,11,n,n,n,117,n,n,n,50,n,n,n,14,n,n,n,232,n,n,n,102,n,n,n,31,n,n,n,92,n,n,n,41,n,n,n,11,n,n,n
2025-05-20 19:30:00,62,n,n,n,27,n,n,n,13,n,n,n,134,n,n,n,57,n,n,n,16,n,n,n,130,n,n,n,63,n,n,n,26,n,n,n,44,n,n,n,18,n,n,n,12,n,n,n
2025-05-20 20:30:00,52,n,n,n,33,n,n,n,12,n,n,n,121,n,n,n,61,n,n,n,19,n,n,n,104,n,n,n,56,n,n,n,21,n,n,n,27,n,n,n,8,n,n,n,13,n,n,n
2025-05-20 21:30:00,45,n,n,n,25,n,n,n,9,n,n,n,85,n,n,n,39,n,n,n,23,n,n,n,65,n,n,n,38,n,n,n,18,n,n,n,35,n,n,n,12,n,n,n,13,n,n,n
2025-05-20 22:30:00,58,n,n,n,31,n,n,n,8,n,n,n,97,n,n,n,36,n,n,n,13,n,n,n,65,n,n,n,42,n,n,n,21,n,n,n,38,n,n,n,12,n,n,n,9,n,n,n
2025-05-20 23:30:00,73,n,n,n,37,n,n,n,19,n,n,n,76,n,n,n,33,n,n,n,16,n,n,n,45,n,n,n,33,n,n,n,18,n,n,n,41,n,n,n,14,n,n,n,13,n,n,n
2025-05-21 00:30:00,60,n,n,n,33,n,n,n,19,n,n,n,64,n,n,n,28,n,n,n,18,n,n,n,32,n,n,n,24,n,n,n,21,n,n,n,38,n,n,n,18,n,n,n,9,n,n,n
2025-05-21 01:30:00,48,n,n,n,24,n,n,n,8,n,n,n,55,n,n,n,28,n,n,n,18,n,n,n,43,n,n,n,27,n,n,n,17,n,n,n,42,n,n,n,20,n,n,n,12,n,n,n
2025-05-21 02:30:00,53,n,n,n,29,n,n,n,9,n,n,n,59,n,n,n,27,n,n,n,13,n,n,n,43,n,n,n,29,n,n,n,21,n,n,n,42,n,n,n,16,n,n,n,16,n,n,n
2025-05-21 03:30:00,60,n,n,n,31,n,n,n,12,n,n,n,55,n,n,n,22,n,n,n,14,n,n,n,37,n,n,n,24,n,n,n,14,n,n,n,40,n,n,n,25,n,n,n,11,n,n,n
2025-05-21 04:30:00,89,n,n,n,24,n,n,n,17,n,n,n,52,n,n,n,25,n,n,n,11,n,n,n,15,n,n,n,17,n,n,n,15,n,n,n,47,n,n,n,23,n,n,n,20,n,n,n
2025-05-21 05:30:00,64,n,n,n,28,n,n,n,18,n,n,n,72,n,n,n,27,n,n,n,17,n,n,n,30,n,n,n,25,n,n,n,17,n,n,n,38,n,n,n,16,n,n,n,13,n,n,n
2025-05-21 06:30:00,68,n,n,n,32,n,n,n,19,n,n,n,89,n,n,n,35,n,n,n,17,n,n,n,59,n,n,n,22,n,n,n,15,n,n,n,46,n,n,n,28,n,n,n,20,n,n,n
2025-05-21 07:30:00,85,n,n,n,39,n,n,n,20,n,n,n,125,n,n,n,48,n,n,n,22,n,n,n,67,n,n,n,35,n,n,n,18,n,n,n,n,n,n,n,n,n,n,n,n,n,n,n
2025-05-21 08:30:00,83,n,n,n,38,n,n,n,20,n,n,n,84,n,n,n,36,n,n,n,18,n,n,n,55,n,n,n,39,n,n,n,25,n,n,n,47,n,n,n,22,n,n,n,12,n,n,n
2025-05-21 09:30:00,73,n,n,n,42,n,n,n,20,n,n,n,69,n,n,n,30,n,n,n,16,n,n,n,46,n,n,n,35,n,n,n,16,n,n,n,46,n,n,n,24,n,n,n,9,n,n,n
2025-05-21 10:30:00,49,n,n,n,23,n,n,n,11,n,n,n,50,n,n,n,16,n,n,n,8,n,n,n,38,n,n,n,27,n,n,n,11,n,n,n,19,n,n,n,7,n,n,n,11,n,n,n
2025-05-21 11:30:00,46,n,n,n,22,n,n,n,11,n,n,n,70,n,n,n,23,n,n,n,9,n,n,n,31,n,n,n,19,n,n,n,10,n,n,n,28,n,n,n,17,n,n,n,9,n,n,n
2025-05-21 12:00:00,n,n,60.4,VM,n,n,29.7,VM,n,n,12.9,VM,n,n,75,VM,n,n,30.3,VM,n,n,13.6,VM,n,n,68.2,VM,n,n,38.6,VM,n,n,17.5,VM,n,n,40.7,VM,n,n,20.7,VM,n,n,11.2,VM
2025-05-21 12:30:00,55,n,n,n,27,n,n,n,9,n,n,n,75,n,n,n,25,n,n,n,7,n,n,n,33,n,n,n,20,n,n,n,9,n,n,n,17,n,n,n,11,n,n,n,6,n,n,n
2025-05-21 13:30:00,63,n,n,n,28,n,n,n,7,n,n,n,54,n,n,n,18,n,n,n,6,n,n,n,43,n,n,n,20,n,n,n,9,n,n,n,23,n,n,n,11,n,n,n,6,n,n,n
2025-05-21 14:30:00,41,n,n,n,15,n,n,n,8,n,n,n,48,n,n,n,14,n,n,n,8,n,n,n,57,n,n,n,27,n,n,n,13,n,n,n,30,n,n,n,18,n,n,n,5,n,n,n
2025-05-21 15:30:00,46,n,n,n,24,n,n,n,7,n,n,n,44,n,n,n,9,n,n,n,9,n,n,n,40,n,n,n,19,n,n,n,8,n,n,n,29,n,n,n,17,n,n,n,5,n,n,n
2025-05-21 16:30:00,77,n,n,n,31,n,n,n,12,n,n,n,75,n,n,n,33,n,n,n,9,n,n,n,63,n,n,n,39,n,n,n,13,n,n,n,19,n,n,n,12,n,n,n,6,n,n,n
2025-05-21 17:30:00,91,n,n,n,39,n,n,n,6,n,n,n,116,n,n,n,51,n,n,n,8,n,n,n,272,n,n,n,119,n,n,n,31,n,n,n,84,n,n,n,41,n,n,n,7,n,n,n
2025-05-21 18:30:00,49,n,n,n,30,n,n,n,8,n,n,n,123,n,n,n,48,n,n,n,16,n,n,n,201,n,n,n,105,n,n,n,32,n,n,n,39,n,n,n,17,n,n,n,16,n,n,n
2025-05-21 19:30:00,50,n,n,n,25,n,n,n,12,n,n,n,79,n,n,n,36,n,n,n,12,n,n,n,145,n,n,n,81,n,n,n,37,n,n,n,31,n,n,n,17,n,n,n,9,n,n,n
2025-05-21 20:30:00,40,n,n,n,32,n,n,n,12,n,n,n,85,n,n,n,40,n,n,n,17,n,n,n,100,n,n,n,50,n,n,n,21,n,n,n,57,n,n,n,29,n,n,n,16,n,n,n
2025-05-21 21:30:00,38,n,n,n,28,n,n,n,11,n,n,n,77,n,n,n,31,n,n,n,11,n,n,n,72,n,n,n,58,n,n,n,12,n,n,n,67,n,n,n,41,n,n,n,17,n,n,n
2025-05-21 22:30:00,58,n,n,n,31,n,n,n,17,n,n,n,103,n,n,n,45,n,n,n,23,n,n,n,58,n,n,n,35,n,n,n,17,n,n,n,56,n,n,n,19,n,n,n,9,n,n,n
2025-05-21 23:30:00,64,n,n,n,37,n,n,n,17,n,n,n,76,n,n,n,33,n,n,n,20,n,n,n,56,n,n,n,30,n,n,n,18,n,n,n,50,n,n,n,28,n,n,n,14,n,n,n
2025-05-22 00:30:00,62,n,n,n,33,n,n,n,20,n,n,n,69,n,n,n,35,n,n,n,18,n,n,n,42,n,n,n,30,n,n,n,16,n,n,n,40,n,n,n,23,n,n,n,16,n,n,n
2025-05-22 01:30:00,53,n,n,n,30,n,n,n,12,n,n,n,75,n,n,n,34,n,n,n,17,n,n,n,32,n,n,n,33,n,n,n,22,n,n,n,42,n,n,n,20,n,n,n,18,n,n,n
2025-05-22 02:30:00,41,n,n,n,32,n,n,n,13,n,n,n,49,n,n,n,31,n,n,n,18,n,n,n,52,n,n,n,35,n,n,n,25,n,n,n,41,n,n,n,22,n,n,n,12,n,n,n
2025-05-22 03:30:00,41,n,n,n,25,n,n,n,17,n,n,n,58,n,n,n,27,n,n,n,18,n,n,n,30,n,n,n,22,n,n,n,16,n,n,n,24,n,n,n,18,n,n,n,17,n,n,n
2025-05-22 04:30:00,38,n,n,n,21,n,n,n,9,n,n,n,63,n,n,n,23,n,n,n,18,n,n,n,31,n,n,n,24,n,n,n,22,n,n,n,34,n,n,n,18,n,n,n,14,n,n,n
2025-05-22 05:30:00,41,n,n,n,25,n,n,n,12,n,n,n,51,n,n,n,19,n,n,n,19,n,n,n,33,n,n,n,22,n,n,n,17,n,n,n,25,n,n,n,12,n,n,n,14,n,n,n
2025-05-22 06:30:00,52,n,n,n,32,n,n,n,19,n,n,n,109,n,n,n,35,n,n,n,22,n,n,n,81,n,n,n,42,n,n,n,23,n,n,n,40,n,n,n,22,n,n,n,16,n,n,n
2025-05-22 07:30:00,67,n,n,n,37,n,n,n,19,n,n,n,92,n,n,n,36,n,n,n,22,n,n,n,48,n,n,n,33,n,n,n,23,n,n,n,55,n,n,n,27,n,n,n,12,n,n,n
2025-05-22 08:30:00,69,n,n,n,36,n,n,n,20,n,n,n,71,n,n,n,39,n,n,n,18,n,n,n,55,n,n,n,36,n,n,n,28,n,n,n,51,n,n,n,24,n,n,n,17,n,n,n
2025-05-22 09:30:00,56,n,n,n,28,n,n,n,12,n,n,n,80,n,n,n,24,n,n,n,11,n,n,n,51,n,n,n,29,n,n,n,18,n,n,n,33,n,n,n,16,n,n,n,9,n,n,n
2025-05-22 10:30:00,37,n,n,n,15,n,n,n,9,n,n,n,38,n,n,n,14,n,n,n,8,n,n,n,71,n,n,n,64,n,n,n,52,n,n,n,31,n,n,n,23,n,n,n,7,n,n,n
2025-05-22 11:30:00,42,n,n,n,24,n,n,n,7,n,n,n,99,n,n,n,35,n,n,n,14,n,n,n,32,n,n,n,38,n,n,n,13,n,n,n,30,n,n,n,16,n,n,n,11,n,n,n
2025-05-22 12:00:00,n,n,52.4,VM,n,n,27,VM,n,n,11.2,VM,n,n,68.6,VM,n,n,27.5,VM,n,n,14.5,VM,n,n,59.4,VM,n,n,40.7,VM,n,n,19.9,VM,n,n,36.7,VM,n,n,18.6,VM,n,n,12.1,VM
2025-05-22 12:30:00,43,n,n,n,20,n,n,n,6,n,n,n,63,n,n,n,22,n,n,n,12,n,n,n,29,n,n,n,22,n,n,n,8,n,n,n,20,n,n,n,13,n,n,n,8,n,n,n
2025-05-22 13:30:00,37,n,n,n,17,n,n,n,6,n,n,n,47,n,n,n,11,n,n,n,12,n,n,n,21,n,n,n,72,n,n,n,10,n,n,n,22,n,n,n,8,n,n,n,8,n,n,n
2025-05-22 14:30:00,38,n,n,n,20,n,n,n,3,n,n,n,42,n,n,n,8,n,n,n,6,n,n,n,21,n,n,n,17,n,n,n,10,n,n,n,13,n,n,n,8,n,n,n,7,n,n,n
2025-05-22 15:30:00,35,n,n,n,22,n,n,n,7,n,n,n,35,n,n,n,16,n,n,n,6,n,n,n,37,n,n,n,24,n,n,n,10,n,n,n,19,n,n,n,8,n,n,n,7,n,n,n
2025-05-22 16:30:00,78,n,n,n,37,n,n,n,11,n,n,n,59,n,n,n,20,n,n,n,11,n,n,n,25,n,n,n,25,n,n,n,11,n,n,n,14,n,n,n,5,n,n,n,7,n,n,n
2025-05-22 17:30:00,82,n,n,n,29,n,n,n,7,n,n,n,95,n,n,n,44,n,n,n,n,n,n,n,228,n,n,n,111,n,n,n,32,n,n,n,38,n,n,n,11,n,n,n,3,n,n,n
2025-05-22 18:30:00,40,n,n,n,12,n,n,n,6,n,n,n,75,n,n,n,24,n,n,n,8,n,n,n,143,n,n,n,74,n,n,n,26,n,n,n,n,n,n,n,n,n,n,n,n,n,n,n
2025-05-22 19:30:00,50,n,n,n,27,n,n,n,7,n,n,n,91,n,n,n,44,n,n,n,13,n,n,n,129,n,n,n,72,n,n,n,17,n,n,n,75,n,n,n,31,n,n,n,17,n,n,n
2025-05-22 20:30:00,74,n,n,n,30,n,n,n,11,n,n,n,92,n,n,n,44,n,n,n,19,n,n,n,83,n,n,n,45,n,n,n,19,n,n,n,29,n,n,n,19,n,n,n,8,n,n,n
2025-05-22 21:30:00,71,n,n,n,34,n,n,n,17,n,n,n,56,n,n,n,20,n,n,n,13,n,n,n,62,n,n,n,44,n,n,n,19,n,n,n,36,n,n,n,19,n,n,n,17,n,n,n
2025-05-22 22:30:00,36,n,n,n,27,n,n,n,6,n,n,n,72,n,n,n,30,n,n,n,13,n,n,n,49,n,n,n,33,n,n,n,20,n,n,n,73,n,n,n,35,n,n,n,17,n,n,n
2025-05-22 23:30:00,74,n,n,n,36,n,n,n,13,n,n,n,65,n,n,n,25,n,n,n,18,n,n,n,40,n,n,n,29,n,n,n,20,n,n,n,59,n,n,n,29,n,n,n,17,n,n,n
2025-05-23 00:30:00,98,n,n,n,54,n,n,n,18,n,n,n,59,n,n,n,31,n,n,n,19,n,n,n,43,n,n,n,28,n,n,n,15,n,n,n,46,n,n,n,27,n,n,n,9,n,n,n
2025-05-23 01:30:00,91,n,n,n,42,n,n,n,11,n,n,n,69,n,n,n,27,n,n,n,17,n,n,n,37,n,n,n,30,n,n,n,11,n,n,n,56,n,n,n,31,n,n,n,17,n,n,n
2025-05-23 02:30:00,73,n,n,n,38,n,n,n,13,n,n,n,66,n,n,n,29,n,n,n,17,n,n,n,32,n,n,n,24,n,n,n,17,n,n,n,41,n,n,n,19,n,n,n,17,n,n,n
2025-05-23 03:30:00,126,n,n,n,51,n,n,n,16,n,n,n,73,n,n,n,29,n,n,n,19,n,n,n,34,n,n,n,30,n,n,n,18,n,n,n,39,n,n,n,24,n,n,n,12,n,n,n
2025-05-23 04:30:00,88,n,n,n,35,n,n,n,17,n,n,n,68,n,n,n,27,n,n,n,17,n,n,n,34,n,n,n,28,n,n,n,18,n,n,n,35,n,n,n,23,n,n,n,12,n,n,n
2025-05-23 05:30:00,75,n,n,n,22,n,n,n,9,n,n,n,77,n,n,n,29,n,n,n,17,n,n,n,40,n,n,n,33,n,n,n,20,n,n,n,45,n,n,n,29,n,n,n,20,n,n,n
2025-05-23 06:30:00,75,n,n,n,36,n,n,n,17,n,n,n,110,n,n,n,46,n,n,n,28,n,n,n,59,n,n,n,40,n,n,n,22,n,n,n,69,n,n,n,55,n,n,n,27,n,n,n
2025-05-23 07:30:00,99,n,n,n,48,n,n,n,22,n,n,n,125,n,n,n,52,n,n,n,23,n,n,n,74,n,n,n,56,n,n,n,29,n,n,n,83,n,n,n,58,n,n,n,24,n,n,n
2025-05-23 08:30:00,134,n,n,n,47,n,n,n,23,n,n,n,105,n,n,n,42,n,n,n,20,n,n,n,73,n,n,n,55,n,n,n,24,n,n,n,52,n,n,n,35,n,n,n,18,n,n,n
2025-05-23 09:30:00,110,n,n,n,27,n,n,n,9,n,n,n,86,n,n,n,19,n,n,n,8,n,n,n,53,n,n,n,33,n,n,n,8,n,n,n,34,n,n,n,11,n,n,n,9,n,n,n
2025-05-23 10:30:00,99,n,n,n,22,n,n,n,9,n,n,n,113,n,n,n,23,n,n,n,13,n,n,n,48,n,n,n,23,n,n,n,13,n,n,n,35,n,n,n,14,n,n,n,12,n,n,n
2025-05-23 11:30:00,32,n,n,n,21,n,n,n,12,n,n,n,60,n,n,n,16,n,n,n,9,n,n,n,40,n,n,n,23,n,n,n,14,n,n,n,22,n,n,n,13,n,n,n,14,n,n,n
2025-05-23 12:00:00,n,n,85.5,VM,n,n,36.4,VM,n,n,13.5,VM,n,n,82.3,VM,n,n,32,VM,n,n,15.9,VM,n,n,62.3,VM,n,n,37.9,VM,n,n,19.2,VM,n,n,44.3,VM,n,n,24.6,VM,n,n,14.2,VM
2025-05-23 12:30:00,43,n,n,n,16,n,n,n,7,n,n,n,54,n,n,n,14,n,n,n,8,n,n,n,31,n,n,n,18,n,n,n,11,n,n,n,17,n,n,n,12,n,n,n,11,n,n,n
2025-05-23 13:30:00,86,n,n,n,34,n,n,n,8,n,n,n,54,n,n,n,14,n,n,n,9,n,n,n,34,n,n,n,20,n,n,n,7,n,n,n,31,n,n,n,17,n,n,n,8,n,n,n
2025-05-23 14:30:00,67,n,n,n,27,n,n,n,13,n,n,n,62,n,n,n,22,n,n,n,9,n,n,n,52,n,n,n,30,n,n,n,14,n,n,n,36,n,n,n,17,n,n,n,11,n,n,n
2025-05-23 15:30:00,47,n,n,n,21,n,n,n,9,n,n,n,50,n,n,n,19,n,n,n,11,n,n,n,62,n,n,n,34,n,n,n,13,n,n,n,33,n,n,n,17,n,n,n,9,n,n,n
2025-05-23 16:30:00,51,n,n,n,23,n,n,n,7,n,n,n,62,n,n,n,25,n,n,n,7,n,n,n,51,n,n,n,24,n,n,n,16,n,n,n,36,n,n,n,13,n,n,n,11,n,n,n
2025-05-23 17:30:00,137,n,n,n,54,n,n,n,11,n,n,n,88,n,n,n,35,n,n,n,14,n,n,n,126,n,n,n,74,n,n,n,35,n,n,n,44,n,n,n,19,n,n,n,12,n,n,n
2025-05-23 18:30:00,112,n,n,n,47,n,n,n,12,n,n,n,80,n,n,n,35,n,n,n,12,n,n,n,171,n,n,n,84,n,n,n,39,n,n,n,40,n,n,n,22,n,n,n,9,n,n,n
2025-05-23 19:30:00,98,n,n,n,44,n,n,n,9,n,n,n,131,n,n,n,52,n,n,n,18,n,n,n,107,n,n,n,53,n,n,n,29,n,n,n,79,n,n,n,36,n,n,n,19,n,n,n
2025-05-23 20:30:00,92,n,n,n,42,n,n,n,17,n,n,n,130,n,n,n,63,n,n,n,24,n,n,n,86,n,n,n,47,n,n,n,26,n,n,n,59,n,n,n,35,n,n,n,12,n,n,n
2025-05-23 21:30:00,90,n,n,n,48,n,n,n,16,n,n,n,101,n,n,n,44,n,n,n,23,n,n,n,75,n,n,n,42,n,n,n,20,n,n,n,63,n,n,n,38,n,n,n,23,n,n,n
2025-05-23 22:30:00,76,n,n,n,39,n,n,n,20,n,n,n,92,n,n,n,38,n,n,n,19,n,n,n,82,n,n,n,50,n,n,n,26,n,n,n,33,n,n,n,13,n,n,n,12,n,n,n
2025-05-23 23:30:00,53,n,n,n,35,n,n,n,20,n,n,n,60,n,n,n,38,n,n,n,20,n,n,n,52,n,n,n,31,n,n,n,17,n,n,n,36,n,n,n,13,n,n,n,12,n,n,n
2025-05-24 00:30:00,72,n,n,n,34,n,n,n,16,n,n,n,61,n,n,n,25,n,n,n,16,n,n,n,51,n,n,n,29,n,n,n,19,n,n,n,42,n,n,n,22,n,n,n,17,n,n,n
2025-05-24 01:30:00,58,n,n,n,31,n,n,n,16,n,n,n,69,n,n,n,27,n,n,n,17,n,n,n,51,n,n,n,51,n,n,n,33,n,n,n,47,n,n,n,16,n,n,n,8,n,n,n
2025-05-24 02:30:00,49,n,n,n,35,n,n,n,19,n,n,n,76,n,n,n,27,n,n,n,17,n,n,n,39,n,n,n,30,n,n,n,18,n,n,n,48,n,n,n,23,n,n,n,11,n,n,n
2025-05-24 03:30:00,59,n,n,n,30,n,n,n,16,n,n,n,65,n,n,n,23,n,n,n,n,n,n,n,37,n,n,n,28,n,n,n,18,n,n,n,34,n,n,n,12,n,n,n,8,n,n,n
2025-05-24 04:30:00,60,n,n,n,34,n,n,n,13,n,n,n,87,n,n,n,39,n,n,n,17,n,n,n,34,n,n,n,24,n,n,n,17,n,n,n,35,n,n,n,14,n,n,n,8,n,n,n
2025-05-24 05:30:00,49,n,n,n,28,n,n,n,19,n,n,n,68,n,n,n,33,n,n,n,19,n,n,n,33,n,n,n,25,n,n,n,17,n,n,n,36,n,n,n,22,n,n,n,13,n,n,n
2025-05-24 06:30:00,46,n,n,n,23,n,n,n,17,n,n,n,63,n,n,n,27,n,n,n,22,n,n,n,38,n,n,n,25,n,n,n,14,n,n,n,34,n,n,n,18,n,n,n,16,n,n,n
2025-05-24 07:30:00,51,n,n,n,30,n,n,n,24,n,n,n,60,n,n,n,31,n,n,n,18,n,n,n,64,n,n,n,39,n,n,n,21,n,n,n,44,n,n,n,28,n,n,n,16,n,n,n
2025-05-24 08:30:00,50,n,n,n,33,n,n,n,18,n,n,n,57,n,n,n,33,n,n,n,24,n,n,n,59,n,n,n,39,n,n,n,23,n,n,n,39,n,n,n,22,n,n,n,16,n,n,n
2025-05-24 09:30:00,39,n,n,n,31,n,n,n,14,n,n,n,46,n,n,n,22,n,n,n,17,n,n,n,45,n,n,n,31,n,n,n,20,n,n,n,29,n,n,n,25,n,n,n,23,n,n,n
2025-05-24 10:30:00,30,n,n,n,29,n,n,n,22,n,n,n,39,n,n,n,23,n,n,n,14,n,n,n,24,n,n,n,29,n,n,n,18,n,n,n,30,n,n,n,19,n,n,n,16,n,n,n
2025-05-24 11:30:00,29,n,n,n,17,n,n,n,12,n,n,n,36,n,n,n,18,n,n,n,16,n,n,n,27,n,n,n,20,n,n,n,15,n,n,n,24,n,n,n,12,n,n,n,13,n,n,n
2025-05-24 12:00:00,n,n,52.1,VM,n,n,31.1,VM,n,n,16.3,VM,n,n,55.5,VM,n,n,25.5,VM,n,n,17.5,VM,n,n,43.7,VM,n,n,32.6,VM,n,n,21.5,VM,n,n,38.6,VM,n,n,22.3,VM,n,n,16,VM
2025-05-24 12:30:00,28,n,n,n,20,n,n,n,11,n,n,n,35,n,n,n,14,n,n,n,13,n,n,n,22,n,n,n,28,n,n,n,16,n,n,n,19,n,n,n,16,n,n,n,11,n,n,n
2025-05-24 13:30:00,27,n,n,n,20,n,n,n,17,n,n,n,34,n,n,n,18,n,n,n,13,n,n,n,27,n,n,n,25,n,n,n,22,n,n,n,20,n,n,n,16,n,n,n,8,n,n,n
2025-05-24 14:30:00,71,n,n,n,36,n,n,n,16,n,n,n,38,n,n,n,14,n,n,n,9,n,n,n,26,n,n,n,27,n,n,n,16,n,n,n,22,n,n,n,12,n,n,n,9,n,n,n
2025-05-24 15:30:00,34,n,n,n,17,n,n,n,7,n,n,n,42,n,n,n,17,n,n,n,13,n,n,n,24,n,n,n,25,n,n,n,20,n,n,n,23,n,n,n,14,n,n,n,12,n,n,n
2025-05-24 16:30:00,40,n,n,n,24,n,n,n,13,n,n,n,38,n,n,n,17,n,n,n,11,n,n,n,48,n,n,n,40,n,n,n,23,n,n,n,25,n,n,n,17,n,n,n,13,n,n,n
2025-05-24 17:30:00,50,n,n,n,23,n,n,n,16,n,n,n,50,n,n,n,25,n,n,n,16,n,n,n,60,n,n,n,36,n,n,n,31,n,n,n,40,n,n,n,24,n,n,n,24,n,n,n
2025-05-24 18:30:00,58,n,n,n,38,n,n,n,16,n,n,n,63,n,n,n,27,n,n,n,20,n,n,n,69,n,n,n,45,n,n,n,31,n,n,n,35,n,n,n,22,n,n,n,19,n,n,n
2025-05-24 19:30:00,69,n,n,n,40,n,n,n,18,n,n,n,70,n,n,n,39,n,n,n,25,n,n,n,65,n,n,n,39,n,n,n,26,n,n,n,63,n,n,n,35,n,n,n,29,n,n,n
2025-05-24 20:30:00,78,n,n,n,46,n,n,n,17,n,n,n,73,n,n,n,39,n,n,n,28,n,n,n,68,n,n,n,45,n,n,n,31,n,n,n,67,n,n,n,48,n,n,n,27,n,n,n
2025-05-24 21:30:00,99,n,n,n,57,n,n,n,23,n,n,n,70,n,n,n,36,n,n,n,27,n,n,n,49,n,n,n,38,n,n,n,26,n,n,n,62,n,n,n,41,n,n,n,24,n,n,n
2025-05-24 22:30:00,63,n,n,n,40,n,n,n,17,n,n,n,42,n,n,n,19,n,n,n,13,n,n,n,46,n,n,n,36,n,n,n,21,n,n,n,61,n,n,n,34,n,n,n,24,n,n,n
2025-05-24 23:30:00,41,n,n,n,30,n,n,n,14,n,n,n,49,n,n,n,20,n,n,n,18,n,n,n,43,n,n,n,29,n,n,n,21,n,n,n,47,n,n,n,23,n,n,n,20,n,n,n
2025-05-25 00:30:00,32,n,n,n,19,n,n,n,16,n,n,n,25,n,n,n,12,n,n,n,12,n,n,n,33,n,n,n,24,n,n,n,15,n,n,n,24,n,n,n,9,n,n,n,12,n,n,n
2025-05-25 01:30:00,24,n,n,n,16,n,n,n,11,n,n,n,26,n,n,n,7,n,n,n,9,n,n,n,23,n,n,n,27,n,n,n,16,n,n,n,28,n,n,n,8,n,n,n,17,n,n,n
2025-05-25 02:30:00,19,n,n,n,14,n,n,n,9,n,n,n,32,n,n,n,19,n,n,n,11,n,n,n,28,n,n,n,22,n,n,n,16,n,n,n,16,n,n,n,5,n,n,n,8,n,n,n
2025-05-25 03:30:00,17,n,n,n,11,n,n,n,7,n,n,n,29,n,n,n,9,n,n,n,9,n,n,n,26,n,n,n,14,n,n,n,16,n,n,n,20,n,n,n,9,n,n,n,17,n,n,n
2025-05-25 04:30:00,23,n,n,n,13,n,n,n,6,n,n,n,43,n,n,n,18,n,n,n,14,n,n,n,27,n,n,n,16,n,n,n,13,n,n,n,24,n,n,n,8,n,n,n,9,n,n,n
2025-05-25 05:30:00,28,n,n,n,18,n,n,n,7,n,n,n,38,n,n,n,17,n,n,n,11,n,n,n,32,n,n,n,24,n,n,n,17,n,n,n,18,n,n,n,5,n,n,n,8,n,n,n
2025-05-25 06:30:00,17,n,n,n,14,n,n,n,9,n,n,n,32,n,n,n,7,n,n,n,6,n,n,n,22,n,n,n,20,n,n,n,13,n,n,n,17,n,n,n,6,n,n,n,8,n,n,n
2025-05-25 07:30:00,15,n,n,n,11,n,n,n,11,n,n,n,28,n,n,n,7,n,n,n,7,n,n,n,26,n,n,n,24,n,n,n,15,n,n,n,17,n,n,n,7,n,n,n,9,n,n,n
2025-05-25 08:30:00,16,n,n,n,14,n,n,n,12,n,n,n,26,n,n,n,7,n,n,n,13,n,n,n,18,n,n,n,22,n,n,n,10,n,n,n,9,n,n,n,3,n,n,n,8,n,n,n
2025-05-25 09:30:00,19,n,n,n,12,n,n,n,9,n,n,n,27,n,n,n,9,n,n,n,11,n,n,n,18,n,n,n,13,n,n,n,10,n,n,n,12,n,n,n,n,n,n,n,9,n,n,n
2025-05-25 10:30:00,22,n,n,n,14,n,n,n,8,n,n,n,28,n,n,n,8,n,n,n,8,n,n,n,15,n,n,n,9,n,n,n,9,n,n,n,12,n,n,n,1,n,n,n,7,n,n,n
2025-05-25 11:30:00,109,n,n,n,31,n,n,n,7,n,n,n,62,n,n,n,12,n,n,n,7,n,n,n,21,n,n,n,18,n,n,n,14,n,n,n,18,n,n,n,3,n,n,n,8,n,n,n
2025-05-25 12:00:00,n,n,47.8,VM,n,n,21.8,VM,n,n,10,VM,n,n,44.7,VM,n,n,14.8,VM,n,n,10.8,VM,n,n,31.8,VM,n,n,22.2,VM,n,n,14.9,VM,n,n,19.8,VM,n,n,7,VM,n,n,9.2,VM
2025-05-25 12:30:00,160,n,n,n,46,n,n,n,8,n,n,n,61,n,n,n,11,n,n,n,7,n,n,n,22,n,n,n,13,n,n,n,16,n,n,n,14,n,n,n,5,n,n,n,6,n,n,n
2025-05-25 13:30:00,90,n,n,n,27,n,n,n,7,n,n,n,47,n,n,n,8,n,n,n,8,n,n,n,23,n,n,n,13,n,n,n,9,n,n,n,12,n,n,n,6,n,n,n,7,n,n,n
2025-05-25 14:30:00,61,n,n,n,20,n,n,n,6,n,n,n,43,n,n,n,8,n,n,n,8,n,n,n,21,n,n,n,17,n,n,n,8,n,n,n,14,n,n,n,6,n,n,n,6,n,n,n
2025-05-25 15:30:00,41,n,n,n,15,n,n,n,8,n,n,n,45,n,n,n,11,n,n,n,11,n,n,n,29,n,n,n,17,n,n,n,16,n,n,n,16,n,n,n,3,n,n,n,7,n,n,n
2025-05-25 16:30:00,48,n,n,n,14,n,n,n,7,n,n,n,45,n,n,n,12,n,n,n,9,n,n,n,22,n,n,n,13,n,n,n,16,n,n,n,16,n,n,n,6,n,n,n,7,n,n,n
2025-05-25 17:30:00,50,n,n,n,24,n,n,n,11,n,n,n,63,n,n,n,19,n,n,n,8,n,n,n,43,n,n,n,24,n,n,n,13,n,n,n,20,n,n,n,3,n,n,n,6,n,n,n
2025-05-25 18:30:00,37,n,n,n,19,n,n,n,11,n,n,n,48,n,n,n,12,n,n,n,12,n,n,n,83,n,n,n,53,n,n,n,20,n,n,n,18,n,n,n,1,n,n,n,11,n,n,n
2025-05-25 19:30:00,45,n,n,n,25,n,n,n,11,n,n,n,52,n,n,n,23,n,n,n,13,n,n,n,70,n,n,n,38,n,n,n,19,n,n,n,18,n,n,n,2,n,n,n,6,n,n,n
2025-05-25 20:30:00,79,n,n,n,38,n,n,n,11,n,n,n,62,n,n,n,28,n,n,n,12,n,n,n,39,n,n,n,25,n,n,n,18,n,n,n,36,n,n,n,19,n,n,n,9,n,n,n
2025-05-25 21:30:00,63,n,n,n,35,n,n,n,19,n,n,n,62,n,n,n,25,n,n,n,12,n,n,n,41,n,n,n,30,n,n,n,24,n,n,n,28,n,n,n,13,n,n,n,9,n,n,n
2025-05-25 22:30:00,63,n,n,n,35,n,n,n,14,n,n,n,79,n,n,n,36,n,n,n,23,n,n,n,42,n,n,n,29,n,n,n,15,n,n,n,36,n,n,n,17,n,n,n,16,n,n,n
2025-05-25 23:30:00,70,n,n,n,37,n,n,n,14,n,n,n,69,n,n,n,31,n,n,n,19,n,n,n,40,n,n,n,28,n,n,n,19,n,n,n,31,n,n,n,17,n,n,n,12,n,n,n
2025-05-26 00:30:00,68,n,n,n,31,n,n,n,17,n,n,n,67,n,n,n,30,n,n,n,16,n,n,n,32,n,n,n,28,n,n,n,14,n,n,n,24,n,n,n,9,n,n,n,7,n,n,n
2025-05-26 01:30:00,58,n,n,n,21,n,n,n,17,n,n,n,48,n,n,n,22,n,n,n,17,n,n,n,23,n,n,n,19,n,n,n,14,n,n,n,34,n,n,n,17,n,n,n,13,n,n,n
2025-05-26 02:30:00,51,n,n,n,26,n,n,n,16,n,n,n,50,n,n,n,23,n,n,n,8,n,n,n,26,n,n,n,23,n,n,n,14,n,n,n,36,n,n,n,9,n,n,n,14,n,n,n
2025-05-26 03:30:00,58,n,n,n,25,n,n,n,12,n,n,n,85,n,n,n,33,n,n,n,17,n,n,n,22,n,n,n,14,n,n,n,17,n,n,n,33,n,n,n,14,n,n,n,17,n,n,n
2025-05-26 04:30:00,65,n,n,n,37,n,n,n,14,n,n,n,58,n,n,n,24,n,n,n,18,n,n,n,29,n,n,n,14,n,n,n,12,n,n,n,31,n,n,n,9,n,n,n,16,n,n,n
2025-05-26 05:30:00,65,n,n,n,29,n,n,n,11,n,n,n,63,n,n,n,25,n,n,n,13,n,n,n,25,n,n,n,17,n,n,n,15,n,n,n,27,n,n,n,7,n,n,n,12,n,n,n
2025-05-26 06:30:00,57,n,n,n,23,n,n,n,12,n,n,n,80,n,n,n,24,n,n,n,14,n,n,n,48,n,n,n,28,n,n,n,18,n,n,n,38,n,n,n,11,n,n,n,8,n,n,n
2025-05-26 07:30:00,84,n,n,n,37,n,n,n,11,n,n,n,98,n,n,n,36,n,n,n,19,n,n,n,37,n,n,n,18,n,n,n,16,n,n,n,42,n,n,n,16,n,n,n,9,n,n,n
2025-05-26 08:30:00,81,n,n,n,39,n,n,n,22,n,n,n,97,n,n,n,38,n,n,n,16,n,n,n,49,n,n,n,27,n,n,n,16,n,n,n,72,n,n,n,29,n,n,n,11,n,n,n
2025-05-26 09:30:00,58,n,n,n,25,n,n,n,11,n,n,n,65,n,n,n,22,n,n,n,16,n,n,n,32,n,n,n,27,n,n,n,14,n,n,n,44,n,n,n,20,n,n,n,9,n,n,n
2025-05-26 10:30:00,50,n,n,n,25,n,n,n,8,n,n,n,57,n,n,n,27,n,n,n,11,n,n,n,65,n,n,n,33,n,n,n,12,n,n,n,36,n,n,n,14,n,n,n,9,n,n,n
2025-05-26 11:30:00,48,n,n,n,21,n,n,n,7,n,n,n,65,n,n,n,23,n,n,n,9,n,n,n,45,n,n,n,27,n,n,n,13,n,n,n,25,n,n,n,n,n,n,n,11,n,n,n
2025-05-26 12:00:00,n,n,59.6,VM,n,n,27.2,VM,n,n,11.3,VM,n,n,61.2,VM,n,n,23.5,VM,n,n,12.6,VM,n,n,40.8,VM,n,n,25,VM,n,n,14.7,VM,n,n,33.6,VM,n,n,14.3,VM,n,n,10.5,VM
2025-05-26 12:30:00,48,n,n,n,18,n,n,n,8,n,n,n,57,n,n,n,14,n,n,n,12,n,n,n,30,n,n,n,17,n,n,n,8,n,n,n,18,n,n,n,2,n,n,n,9,n,n,n
2025-05-26 13:30:00,56,n,n,n,30,n,n,n,6,n,n,n,37,n,n,n,11,n,n,n,7,n,n,n,33,n,n,n,29,n,n,n,14,n,n,n,25,n,n,n,14,n,n,n,6,n,n,n
2025-05-26 14:30:00,56,n,n,n,27,n,n,n,7,n,n,n,40,n,n,n,17,n,n,n,12,n,n,n,26,n,n,n,27,n,n,n,9,n,n,n,31,n,n,n,18,n,n,n,11,n,n,n
2025-05-26 15:30:00,76,n,n,n,31,n,n,n,12,n,n,n,39,n,n,n,16,n,n,n,7,n,n,n,30,n,n,n,19,n,n,n,17,n,n,n,23,n,n,n,17,n,n,n,8,n,n,n
2025-05-26 16:30:00,48,n,n,n,29,n,n,n,8,n,n,n,47,n,n,n,13,n,n,n,7,n,n,n,33,n,n,n,22,n,n,n,13,n,n,n,31,n,n,n,22,n,n,n,7,n,n,n
2025-05-26 17:30:00,70,n,n,n,22,n,n,n,7,n,n,n,113,n,n,n,36,n,n,n,8,n,n,n,45,n,n,n,23,n,n,n,14,n,n,n,28,n,n,n,11,n,n,n,8,n,n,n
2025-05-26 18:30:00,61,n,n,n,28,n,n,n,13,n,n,n,58,n,n,n,24,n,n,n,16,n,n,n,54,n,n,n,30,n,n,n,21,n,n,n,31,n,n,n,12,n,n,n,16,n,n,n
2025-05-26 19:30:00,55,n,n,n,26,n,n,n,13,n,n,n,46,n,n,n,31,n,n,n,8,n,n,n,87,n,n,n,44,n,n,n,14,n,n,n,27,n,n,n,18,n,n,n,14,n,n,n
2025-05-26 20:30:00,37,n,n,n,20,n,n,n,9,n,n,n,44,n,n,n,18,n,n,n,9,n,n,n,56,n,n,n,28,n,n,n,16,n,n,n,33,n,n,n,12,n,n,n,12,n,n,n
2025-05-26 21:30:00,52,n,n,n,25,n,n,n,11,n,n,n,52,n,n,n,20,n,n,n,12,n,n,n,60,n,n,n,31,n,n,n,16,n,n,n,33,n,n,n,18,n,n,n,8,n,n,n
2025-05-26 22:30:00,79,n,n,n,35,n,n,n,12,n,n,n,61,n,n,n,24,n,n,n,18,n,n,n,51,n,n,n,33,n,n,n,19,n,n,n,59,n,n,n,14,n,n,n,8,n,n,n
2025-05-26 23:30:00,50,n,n,n,22,n,n,n,8,n,n,n,43,n,n,n,14,n,n,n,12,n,n,n,41,n,n,n,23,n,n,n,17,n,n,n,25,n,n,n,17,n,n,n,9,n,n,n
2025-05-27 00:30:00,25,n,n,n,9,n,n,n,5,n,n,n,n,n,n,n,11,n,n,n,n,n,n,n,25,n,n,n,22,n,n,n,18,n,n,n,20,n,n,n,5,n,n,n,7,n,n,n
2025-05-27 01:30:00,26,n,n,n,17,n,n,n,8,n,n,n,31,n,n,n,11,n,n,n,13,n,n,n,22,n,n,n,12,n,n,n,11,n,n,n,19,n,n,n,12,n,n,n,12,n,n,n
2025-05-27 02:30:00,20,n,n,n,11,n,n,n,12,n,n,n,22,n,n,n,8,n,n,n,7,n,n,n,16,n,n,n,11,n,n,n,12,n,n,n,16,n,n,n,11,n,n,n,9,n,n,n
2025-05-27 03:30:00,21,n,n,n,13,n,n,n,9,n,n,n,16,n,n,n,11,n,n,n,8,n,n,n,11,n,n,n,19,n,n,n,12,n,n,n,8,n,n,n,9,n,n,n,8,n,n,n
2025-05-27 04:30:00,12,n,n,n,12,n,n,n,7,n,n,n,15,n,n,n,6,n,n,n,8,n,n,n,14,n,n,n,7,n,n,n,9,n,n,n,11,n,n,n,14,n,n,n,7,n,n,n
2025-05-27 05:30:00,14,n,n,n,12,n,n,n,8,n,n,n,25,n,n,n,8,n,n,n,9,n,n,n,13,n,n,n,9,n,n,n,14,n,n,n,14,n,n,n,8,n,n,n,7,n,n,n
2025-05-27 06:30:00,13,n,n,n,9,n,n,n,7,n,n,n,36,n,n,n,16,n,n,n,11,n,n,n,24,n,n,n,n,n,n,n,n,n,n,n,17,n,n,n,6,n,n,n,5,n,n,n
2025-05-27 07:30:00,23,n,n,n,9,n,n,n,8,n,n,n,42,n,n,n,14,n,n,n,9,n,n,n,25,n,n,n,22,n,n,n,6,n,n,n,20,n,n,n,17,n,n,n,8,n,n,n
2025-05-27 08:30:00,40,n,n,n,22,n,n,n,9,n,n,n,50,n,n,n,7,n,n,n,12,n,n,n,20,n,n,n,13,n,n,n,9,n,n,n,12,n,n,n,3,n,n,n,9,n,n,n
2025-05-27 09:30:00,44,n,n,n,18,n,n,n,11,n,n,n,43,n,n,n,6,n,n,n,11,n,n,n,23,n,n,n,11,n,n,n,11,n,n,n,12,n,n,n,6,n,n,n,6,n,n,n
2025-05-27 10:30:00,40,n,n,n,9,n,n,n,6,n,n,n,n,n,n,n,7,n,n,n,14,n,n,n,24,n,n,n,14,n,n,n,9,n,n,n,19,n,n,n,6,n,n,n,6,n,n,n
2025-05-27 11:30:00,47,n,n,n,19,n,n,n,5,n,n,n,55,n,n,n,n,n,n,n,8,n,n,n,32,n,n,n,16,n,n,n,8,n,n,n,18,n,n,n,7,n,n,n,6,n,n,n
2025-05-27 12:00:00,n,n,42.5,VM,n,n,19.8,VM,n,n,7.5,VM,n,n,50.8,VM,n,n,17.5,VM,n,n,12,VM,n,n,33,VM,n,n,21.7,VM,n,n,16.2,VM,n,n,24.9,VM,n,n,11.9,VM,n,n,9.5,VM
2025-05-27 12:30:00,44,n,n,n,20,n,n,n,6,n,n,n,41,n,n,n,17,n,n,n,7,n,n,n,22,n,n,n,9,n,n,n,8,n,n,n,12,n,n,n,5,n,n,n,5,n,n,n
2025-05-27 13:30:00,23,n,n,n,10,n,n,n,8,n,n,n,42,n,n,n,8,n,n,n,5,n,n,n,20,n,n,n,8,n,n,n,11,n,n,n,14,n,n,n,5,n,n,n,6,n,n,n
2025-05-27 14:30:00,47,n,n,n,23,n,n,n,6,n,n,n,61,n,n,n,18,n,n,n,8,n,n,n,24,n,n,n,13,n,n,n,11,n,n,n,16,n,n,n,7,n,n,n,6,n,n,n
2025-05-27 15:30:00,32,n,n,n,20,n,n,n,6,n,n,n,39,n,n,n,12,n,n,n,7,n,n,n,28,n,n,n,11,n,n,n,8,n,n,n,55,n,n,n,9,n,n,n,5,n,n,n
2025-05-27 16:30:00,46,n,n,n,17,n,n,n,3,n,n,n,38,n,n,n,11,n,n,n,8,n,n,n,20,n,n,n,11,n,n,n,7,n,n,n,14,n,n,n,6,n,n,n,6,n,n,n
2025-05-27 17:30:00,79,n,n,n,27,n,n,n,5,n,n,n,76,n,n,n,22,n,n,n,17,n,n,n,40,n,n,n,25,n,n,n,20,n,n,n,28,n,n,n,14,n,n,n,12,n,n,n
2025-05-27 18:30:00,48,n,n,n,21,n,n,n,7,n,n,n,62,n,n,n,14,n,n,n,n,n,n,n,107,n,n,n,73,n,n,n,50,n,n,n,30,n,n,n,16,n,n,n,11,n,n,n
2025-05-27 19:30:00,66,n,n,n,28,n,n,n,8,n,n,n,87,n,n,n,44,n,n,n,29,n,n,n,86,n,n,n,57,n,n,n,40,n,n,n,40,n,n,n,23,n,n,n,17,n,n,n
2025-05-27 20:30:00,42,n,n,n,21,n,n,n,7,n,n,n,85,n,n,n,38,n,n,n,22,n,n,n,60,n,n,n,41,n,n,n,28,n,n,n,55,n,n,n,31,n,n,n,19,n,n,n
2025-05-27 21:30:00,84,n,n,n,40,n,n,n,8,n,n,n,75,n,n,n,35,n,n,n,19,n,n,n,53,n,n,n,39,n,n,n,27,n,n,n,57,n,n,n,24,n,n,n,19,n,n,n
2025-05-27 22:30:00,107,n,n,n,50,n,n,n,9,n,n,n,98,n,n,n,39,n,n,n,18,n,n,n,47,n,n,n,30,n,n,n,21,n,n,n,45,n,n,n,18,n,n,n,17,n,n,n
2025-05-27 23:30:00,76,n,n,n,39,n,n,n,11,n,n,n,78,n,n,n,39,n,n,n,14,n,n,n,36,n,n,n,25,n,n,n,23,n,n,n,46,n,n,n,24,n,n,n,14,n,n,n
2025-05-28 00:30:00,80,n,n,n,40,n,n,n,13,n,n,n,59,n,n,n,28,n,n,n,18,n,n,n,27,n,n,n,23,n,n,n,16,n,n,n,46,n,n,n,23,n,n,n,13,n,n,n
2025-05-28 01:30:00,64,n,n,n,35,n,n,n,11,n,n,n,66,n,n,n,28,n,n,n,14,n,n,n,28,n,n,n,19,n,n,n,13,n,n,n,40,n,n,n,24,n,n,n,14,n,n,n
2025-05-28 02:30:00,65,n,n,n,33,n,n,n,13,n,n,n,59,n,n,n,24,n,n,n,13,n,n,n,23,n,n,n,20,n,n,n,13,n,n,n,28,n,n,n,14,n,n,n,12,n,n,n
2025-05-28 03:30:00,45,n,n,n,23,n,n,n,16,n,n,n,52,n,n,n,18,n,n,n,19,n,n,n,26,n,n,n,24,n,n,n,16,n,n,n,23,n,n,n,12,n,n,n,6,n,n,n
2025-05-28 04:30:00,37,n,n,n,21,n,n,n,11,n,n,n,42,n,n,n,17,n,n,n,n,n,n,n,31,n,n,n,17,n,n,n,17,n,n,n,22,n,n,n,11,n,n,n,7,n,n,n
2025-05-28 05:30:00,36,n,n,n,16,n,n,n,8,n,n,n,47,n,n,n,16,n,n,n,16,n,n,n,31,n,n,n,23,n,n,n,17,n,n,n,30,n,n,n,12,n,n,n,8,n,n,n
2025-05-28 06:30:00,50,n,n,n,29,n,n,n,12,n,n,n,60,n,n,n,22,n,n,n,12,n,n,n,51,n,n,n,31,n,n,n,17,n,n,n,41,n,n,n,19,n,n,n,9,n,n,n
2025-05-28 07:30:00,55,n,n,n,24,n,n,n,19,n,n,n,81,n,n,n,24,n,n,n,12,n,n,n,133,n,n,n,63,n,n,n,20,n,n,n,51,n,n,n,28,n,n,n,12,n,n,n
2025-05-28 08:30:00,62,n,n,n,27,n,n,n,11,n,n,n,77,n,n,n,23,n,n,n,12,n,n,n,58,n,n,n,29,n,n,n,14,n,n,n,48,n,n,n,27,n,n,n,9,n,n,n
2025-05-28 09:30:00,51,n,n,n,24,n,n,n,8,n,n,n,64,n,n,n,20,n,n,n,11,n,n,n,88,n,n,n,34,n,n,n,13,n,n,n,24,n,n,n,9,n,n,n,7,n,n,n
2025-05-28 10:30:00,69,n,n,n,22,n,n,n,7,n,n,n,47,n,n,n,11,n,n,n,7,n,n,n,49,n,n,n,25,n,n,n,9,n,n,n,61,n,n,n,23,n,n,n,6,n,n,n
2025-05-28 11:30:00,76,n,n,n,24,n,n,n,7,n,n,n,48,n,n,n,11,n,n,n,7,n,n,n,45,n,n,n,19,n,n,n,8,n,n,n,47,n,n,n,18,n,n,n,3,n,n,n
2025-05-28 12:00:00,n,n,71.3,VM,n,n,30.5,VM,n,n,10,VM,n,n,59.2,VM,n,n,20.1,VM,n,n,11.8,VM,n,n,51.6,VM,n,n,28.6,VM,n,n,15,VM,n,n,32.7,VM,n,n,15.5,VM,n,n,8.2,VM
2025-05-28 12:30:00,59,n,n,n,16,n,n,n,7,n,n,n,56,n,n,n,11,n,n,n,7,n,n,n,33,n,n,n,11,n,n,n,7,n,n,n,20,n,n,n,9,n,n,n,3,n,n,n
2025-05-28 13:30:00,110,n,n,n,41,n,n,n,6,n,n,n,48,n,n,n,16,n,n,n,8,n,n,n,28,n,n,n,17,n,n,n,13,n,n,n,23,n,n,n,6,n,n,n,8,n,n,n
2025-05-28 14:30:00,69,n,n,n,26,n,n,n,6,n,n,n,49,n,n,n,17,n,n,n,8,n,n,n,18,n,n,n,13,n,n,n,11,n,n,n,22,n,n,n,3,n,n,n,7,n,n,n
2025-05-28 15:30:00,51,n,n,n,28,n,n,n,5,n,n,n,42,n,n,n,14,n,n,n,7,n,n,n,22,n,n,n,13,n,n,n,10,n,n,n,23,n,n,n,9,n,n,n,6,n,n,n
2025-05-28 16:30:00,108,n,n,n,42,n,n,n,5,n,n,n,55,n,n,n,16,n,n,n,6,n,n,n,28,n,n,n,16,n,n,n,11,n,n,n,20,n,n,n,9,n,n,n,2,n,n,n
2025-05-28 17:30:00,166,n,n,n,53,n,n,n,5,n,n,n,86,n,n,n,34,n,n,n,7,n,n,n,129,n,n,n,58,n,n,n,20,n,n,n,36,n,n,n,16,n,n,n,3,n,n,n
2025-05-28 18:30:00,96,n,n,n,39,n,n,n,7,n,n,n,69,n,n,n,19,n,n,n,12,n,n,n,74,n,n,n,45,n,n,n,23,n,n,n,41,n,n,n,22,n,n,n,8,n,n,n
2025-05-28 19:30:00,96,n,n,n,33,n,n,n,9,n,n,n,74,n,n,n,30,n,n,n,13,n,n,n,126,n,n,n,61,n,n,n,25,n,n,n,35,n,n,n,22,n,n,n,13,n,n,n
2025-05-28 20:30:00,92,n,n,n,42,n,n,n,14,n,n,n,52,n,n,n,17,n,n,n,13,n,n,n,47,n,n,n,31,n,n,n,17,n,n,n,29,n,n,n,22,n,n,n,11,n,n,n
2025-05-28 21:30:00,79,n,n,n,36,n,n,n,14,n,n,n,61,n,n,n,23,n,n,n,19,n,n,n,64,n,n,n,34,n,n,n,20,n,n,n,29,n,n,n,11,n,n,n,11,n,n,n
2025-05-28 22:30:00,53,n,n,n,33,n,n,n,13,n,n,n,76,n,n,n,27,n,n,n,18,n,n,n,46,n,n,n,31,n,n,n,14,n,n,n,22,n,n,n,11,n,n,n,8,n,n,n
2025-05-28 23:30:00,43,n,n,n,24,n,n,n,12,n,n,n,51,n,n,n,17,n,n,n,12,n,n,n,33,n,n,n,29,n,n,n,16,n,n,n,24,n,n,n,13,n,n,n,11,n,n,n
2025-05-29 00:30:00,39,n,n,n,18,n,n,n,9,n,n,n,35,n,n,n,14,n,n,n,16,n,n,n,42,n,n,n,24,n,n,n,19,n,n,n,23,n,n,n,14,n,n,n,8,n,n,n
2025-05-29 01:30:00,33,n,n,n,21,n,n,n,7,n,n,n,40,n,n,n,18,n,n,n,16,n,n,n,30,n,n,n,22,n,n,n,16,n,n,n,19,n,n,n,8,n,n,n,9,n,n,n
2025-05-29 02:30:00,29,n,n,n,20,n,n,n,11,n,n,n,35,n,n,n,11,n,n,n,8,n,n,n,27,n,n,n,20,n,n,n,15,n,n,n,17,n,n,n,5,n,n,n,6,n,n,n
2025-05-29 03:30:00,32,n,n,n,16,n,n,n,8,n,n,n,39,n,n,n,11,n,n,n,12,n,n,n,25,n,n,n,19,n,n,n,13,n,n,n,13,n,n,n,9,n,n,n,6,n,n,n
2025-05-29 04:30:00,25,n,n,n,15,n,n,n,12,n,n,n,34,n,n,n,9,n,n,n,11,n,n,n,26,n,n,n,20,n,n,n,16,n,n,n,16,n,n,n,8,n,n,n,8,n,n,n
2025-05-29 05:30:00,21,n,n,n,6,n,n,n,8,n,n,n,30,n,n,n,9,n,n,n,11,n,n,n,29,n,n,n,28,n,n,n,17,n,n,n,16,n,n,n,8,n,n,n,8,n,n,n
2025-05-29 06:30:00,23,n,n,n,11,n,n,n,7,n,n,n,47,n,n,n,11,n,n,n,11,n,n,n,43,n,n,n,28,n,n,n,14,n,n,n,25,n,n,n,8,n,n,n,5,n,n,n
2025-05-29 07:30:00,44,n,n,n,26,n,n,n,9,n,n,n,62,n,n,n,17,n,n,n,9,n,n,n,31,n,n,n,14,n,n,n,10,n,n,n,27,n,n,n,8,n,n,n,6,n,n,n
2025-05-29 08:30:00,46,n,n,n,21,n,n,n,6,n,n,n,61,n,n,n,13,n,n,n,6,n,n,n,35,n,n,n,14,n,n,n,10,n,n,n,20,n,n,n,8,n,n,n,6,n,n,n
2025-05-29 09:30:00,94,n,n,n,31,n,n,n,9,n,n,n,225,n,n,n,40,n,n,n,133,n,n,n,33,n,n,n,27,n,n,n,8,n,n,n,23,n,n,n,14,n,n,n,5,n,n,n
2025-05-29 10:30:00,36,n,n,n,16,n,n,n,5,n,n,n,n,n,n,n,9,n,n,n,8,n,n,n,43,n,n,n,24,n,n,n,6,n,n,n,24,n,n,n,11,n,n,n,8,n,n,n
2025-05-29 11:30:00,27,n,n,n,9,n,n,n,5,n,n,n,37,n,n,n,n,n,n,n,6,n,n,n,38,n,n,n,22,n,n,n,10,n,n,n,30,n,n,n,11,n,n,n,5,n,n,n
2025-05-29 12:00:00,n,n,72.8,VM,n,n,32.6,VM,n,n,9.1,VM,n,n,70.3,VM,n,n,23.9,VM,n,n,17.3,VM,n,n,56.9,VM,n,n,32.2,VM,n,n,16.2,VM,n,n,33.7,VM,n,n,15.5,VM,n,n,8.7,VM
2025-05-29 12:30:00,47,n,n,n,17,n,n,n,5,n,n,n,43,n,n,n,n,n,n,n,5,n,n,n,57,n,n,n,35,n,n,n,25,n,n,n,56,n,n,n,13,n,n,n,7,n,n,n
2025-05-29 13:30:00,41,n,n,n,18,n,n,n,6,n,n,n,42,n,n,n,12,n,n,n,8,n,n,n,67,n,n,n,35,n,n,n,15,n,n,n,24,n,n,n,12,n,n,n,9,n,n,n
2025-05-29 14:30:00,65,n,n,n,28,n,n,n,6,n,n,n,47,n,n,n,13,n,n,n,7,n,n,n,52,n,n,n,30,n,n,n,18,n,n,n,33,n,n,n,20,n,n,n,7,n,n,n
2025-05-29 15:30:00,50,n,n,n,23,n,n,n,8,n,n,n,49,n,n,n,16,n,n,n,8,n,n,n,62,n,n,n,31,n,n,n,16,n,n,n,30,n,n,n,9,n,n,n,7,n,n,n
2025-05-29 16:30:00,136,n,n,n,44,n,n,n,8,n,n,n,69,n,n,n,20,n,n,n,9,n,n,n,33,n,n,n,18,n,n,n,8,n,n,n,28,n,n,n,16,n,n,n,11,n,n,n
2025-05-29 17:30:00,116,n,n,n,46,n,n,n,8,n,n,n,102,n,n,n,30,n,n,n,11,n,n,n,190,n,n,n,86,n,n,n,29,n,n,n,63,n,n,n,27,n,n,n,12,n,n,n
2025-05-29 18:30:00,165,n,n,n,66,n,n,n,12,n,n,n,176,n,n,n,72,n,n,n,19,n,n,n,129,n,n,n,63,n,n,n,19,n,n,n,n,n,n,n,n,n,n,n,n,n,n,n
2025-05-29 19:30:00,114,n,n,n,56,n,n,n,8,n,n,n,106,n,n,n,48,n,n,n,17,n,n,n,108,n,n,n,59,n,n,n,20,n,n,n,29,n,n,n,12,n,n,n,2,n,n,n
2025-05-29 20:30:00,120,n,n,n,60,n,n,n,14,n,n,n,65,n,n,n,25,n,n,n,9,n,n,n,90,n,n,n,47,n,n,n,28,n,n,n,67,n,n,n,35,n,n,n,6,n,n,n
2025-05-29 21:30:00,114,n,n,n,59,n,n,n,11,n,n,n,95,n,n,n,42,n,n,n,24,n,n,n,76,n,n,n,44,n,n,n,22,n,n,n,61,n,n,n,29,n,n,n,16,n,n,n
2025-05-29 22:30:00,194,n,n,n,87,n,n,n,19,n,n,n,88,n,n,n,44,n,n,n,29,n,n,n,61,n,n,n,35,n,n,n,17,n,n,n,69,n,n,n,34,n,n,n,23,n,n,n
2025-05-29 23:30:00,136,n,n,n,68,n,n,n,18,n,n,n,91,n,n,n,41,n,n,n,23,n,n,n,38,n,n,n,29,n,n,n,19,n,n,n,63,n,n,n,38,n,n,n,20,n,n,n
2025-05-30 00:30:00,165,n,n,n,72,n,n,n,19,n,n,n,93,n,n,n,39,n,n,n,23,n,n,n,41,n,n,n,34,n,n,n,18,n,n,n,55,n,n,n,31,n,n,n,17,n,n,n
2025-05-30 01:30:00,97,n,n,n,49,n,n,n,19,n,n,n,76,n,n,n,35,n,n,n,19,n,n,n,52,n,n,n,33,n,n,n,19,n,n,n,59,n,n,n,28,n,n,n,16,n,n,n
2025-05-30 02:30:00,124,n,n,n,61,n,n,n,17,n,n,n,73,n,n,n,34,n,n,n,22,n,n,n,36,n,n,n,16,n,n,n,15,n,n,n,47,n,n,n,25,n,n,n,14,n,n,n
2025-05-30 03:30:00,69,n,n,n,41,n,n,n,13,n,n,n,61,n,n,n,25,n,n,n,23,n,n,n,34,n,n,n,19,n,n,n,13,n,n,n,27,n,n,n,18,n,n,n,11,n,n,n
2025-05-30 04:30:00,65,n,n,n,33,n,n,n,18,n,n,n,57,n,n,n,24,n,n,n,9,n,n,n,34,n,n,n,22,n,n,n,16,n,n,n,22,n,n,n,7,n,n,n,8,n,n,n
2025-05-30 05:30:00,39,n,n,n,20,n,n,n,12,n,n,n,58,n,n,n,18,n,n,n,12,n,n,n,55,n,n,n,35,n,n,n,20,n,n,n,13,n,n,n,5,n,n,n,11,n,n,n
2025-05-30 06:30:00,85,n,n,n,33,n,n,n,12,n,n,n,102,n,n,n,35,n,n,n,17,n,n,n,101,n,n,n,48,n,n,n,23,n,n,n,31,n,n,n,3,n,n,n,8,n,n,n
2025-05-30 07:30:00,98,n,n,n,44,n,n,n,16,n,n,n,104,n,n,n,34,n,n,n,17,n,n,n,71,n,n,n,55,n,n,n,25,n,n,n,44,n,n,n,18,n,n,n,13,n,n,n
2025-05-30 08:30:00,71,n,n,n,33,n,n,n,17,n,n,n,77,n,n,n,30,n,n,n,19,n,n,n,87,n,n,n,50,n,n,n,24,n,n,n,39,n,n,n,24,n,n,n,14,n,n,n
2025-05-30 09:30:00,58,n,n,n,23,n,n,n,3,n,n,n,71,n,n,n,23,n,n,n,13,n,n,n,49,n,n,n,30,n,n,n,13,n,n,n,29,n,n,n,13,n,n,n,9,n,n,n
2025-05-30 10:30:00,50,n,n,n,17,n,n,n,7,n,n,n,55,n,n,n,19,n,n,n,13,n,n,n,42,n,n,n,28,n,n,n,16,n,n,n,28,n,n,n,14,n,n,n,7,n,n,n
2025-05-30 11:30:00,39,n,n,n,18,n,n,n,9,n,n,n,47,n,n,n,14,n,n,n,8,n,n,n,33,n,n,n,20,n,n,n,12,n,n,n,34,n,n,n,11,n,n,n,7,n,n,n
2025-05-30 12:00:00,n,n,91.2,VM,n,n,41.1,VM,n,n,13,VM,n,n,73.5,VM,n,n,27.6,VM,n,n,15.2,VM,n,n,67.9,VM,n,n,36.8,VM,n,n,18.8,VM,n,n,40,VM,n,n,18.9,VM,n,n,12.4,VM
2025-05-30 12:30:00,46,n,n,n,21,n,n,n,8,n,n,n,58,n,n,n,16,n,n,n,11,n,n,n,54,n,n,n,25,n,n,n,16,n,n,n,34,n,n,n,12,n,n,n,8,n,n,n
2025-05-30 13:30:00,36,n,n,n,16,n,n,n,7,n,n,n,44,n,n,n,14,n,n,n,8,n,n,n,44,n,n,n,22,n,n,n,16,n,n,n,31,n,n,n,18,n,n,n,8,n,n,n
2025-05-30 14:30:00,50,n,n,n,20,n,n,n,6,n,n,n,72,n,n,n,20,n,n,n,11,n,n,n,52,n,n,n,29,n,n,n,18,n,n,n,25,n,n,n,8,n,n,n,8,n,n,n
2025-05-30 15:30:00,68,n,n,n,25,n,n,n,9,n,n,n,70,n,n,n,20,n,n,n,12,n,n,n,54,n,n,n,23,n,n,n,15,n,n,n,33,n,n,n,11,n,n,n,9,n,n,n
2025-05-30 16:30:00,279,n,n,n,87,n,n,n,13,n,n,n,92,n,n,n,33,n,n,n,12,n,n,n,56,n,n,n,30,n,n,n,15,n,n,n,31,n,n,n,11,n,n,n,8,n,n,n
2025-05-30 17:30:00,160,n,n,n,70,n,n,n,8,n,n,n,118,n,n,n,41,n,n,n,18,n,n,n,117,n,n,n,59,n,n,n,23,n,n,n,45,n,n,n,20,n,n,n,16,n,n,n
2025-05-30 18:30:00,85,n,n,n,35,n,n,n,9,n,n,n,106,n,n,n,44,n,n,n,9,n,n,n,157,n,n,n,73,n,n,n,20,n,n,n,64,n,n,n,27,n,n,n,24,n,n,n
2025-05-30 19:30:00,117,n,n,n,56,n,n,n,13,n,n,n,68,n,n,n,36,n,n,n,n,n,n,n,129,n,n,n,48,n,n,n,21,n,n,n,67,n,n,n,35,n,n,n,18,n,n,n
2025-05-30 20:30:00,133,n,n,n,66,n,n,n,16,n,n,n,66,n,n,n,28,n,n,n,16,n,n,n,71,n,n,n,38,n,n,n,22,n,n,n,73,n,n,n,44,n,n,n,19,n,n,n
2025-05-30 21:30:00,108,n,n,n,57,n,n,n,16,n,n,n,89,n,n,n,36,n,n,n,27,n,n,n,112,n,n,n,56,n,n,n,22,n,n,n,51,n,n,n,29,n,n,n,19,n,n,n
2025-05-30 22:30:00,68,n,n,n,39,n,n,n,18,n,n,n,59,n,n,n,27,n,n,n,17,n,n,n,91,n,n,n,50,n,n,n,26,n,n,n,44,n,n,n,22,n,n,n,18,n,n,n
2025-05-30 23:30:00,80,n,n,n,51,n,n,n,27,n,n,n,47,n,n,n,18,n,n,n,14,n,n,n,57,n,n,n,40,n,n,n,22,n,n,n,34,n,n,n,20,n,n,n,7,n,n,n
2025-05-31 00:30:00,85,n,n,n,52,n,n,n,19,n,n,n,58,n,n,n,19,n,n,n,19,n,n,n,50,n,n,n,39,n,n,n,26,n,n,n,36,n,n,n,19,n,n,n,11,n,n,n
2025-05-31 01:30:00,86,n,n,n,38,n,n,n,23,n,n,n,49,n,n,n,24,n,n,n,17,n,n,n,43,n,n,n,34,n,n,n,17,n,n,n,33,n,n,n,18,n,n,n,13,n,n,n
2025-05-31 02:30:00,43,n,n,n,24,n,n,n,16,n,n,n,41,n,n,n,23,n,n,n,16,n,n,n,44,n,n,n,31,n,n,n,22,n,n,n,20,n,n,n,17,n,n,n,16,n,n,n
2025-05-31 03:30:00,39,n,n,n,24,n,n,n,19,n,n,n,42,n,n,n,18,n,n,n,16,n,n,n,61,n,n,n,45,n,n,n,28,n,n,n,20,n,n,n,14,n,n,n,14,n,n,n
2025-05-31 04:30:00,22,n,n,n,19,n,n,n,11,n,n,n,41,n,n,n,19,n,n,n,11,n,n,n,44,n,n,n,38,n,n,n,26,n,n,n,13,n,n,n,8,n,n,n,13,n,n,n
2025-05-31 05:30:00,34,n,n,n,20,n,n,n,11,n,n,n,31,n,n,n,12,n,n,n,19,n,n,n,43,n,n,n,27,n,n,n,26,n,n,n,17,n,n,n,6,n,n,n,14,n,n,n
2025-05-31 06:30:00,32,n,n,n,19,n,n,n,13,n,n,n,41,n,n,n,12,n,n,n,17,n,n,n,35,n,n,n,18,n,n,n,16,n,n,n,23,n,n,n,17,n,n,n,16,n,n,n
2025-05-31 07:30:00,25,n,n,n,19,n,n,n,11,n,n,n,33,n,n,n,12,n,n,n,16,n,n,n,27,n,n,n,22,n,n,n,16,n,n,n,19,n,n,n,3,n,n,n,9,n,n,n
2025-05-31 08:30:00,30,n,n,n,16,n,n,n,9,n,n,n,43,n,n,n,16,n,n,n,12,n,n,n,33,n,n,n,19,n,n,n,19,n,n,n,19,n,n,n,11,n,n,n,13,n,n,n
2025-05-31 09:30:00,27,n,n,n,21,n,n,n,7,n,n,n,46,n,n,n,11,n,n,n,9,n,n,n,26,n,n,n,17,n,n,n,12,n,n,n,16,n,n,n,12,n,n,n,9,n,n,n
2025-05-31 10:30:00,22,n,n,n,13,n,n,n,14,n,n,n,36,n,n,n,8,n,n,n,8,n,n,n,45,n,n,n,24,n,n,n,11,n,n,n,13,n,n,n,7,n,n,n,11,n,n,n
2025-05-31 11:30:00,26,n,n,n,14,n,n,n,9,n,n,n,37,n,n,n,12,n,n,n,8,n,n,n,27,n,n,n,18,n,n,n,12,n,n,n,9,n,n,n,3,n,n,n,7,n,n,n
2025-05-31 12:00:00,n,n,43,VM,n,n,19.8,VM,n,n,9.8,VM,n,n,46.2,VM,n,n,15.6,VM,n,n,12.4,VM,n,n,37.7,VM,n,n,25.9,VM,n,n,17.2,VM,n,n,20.2,VM,n,n,10.2,VM,n,n,10.7,VM
2025-05-31 12:30:00,28,n,n,n,13,n,n,n,8,n,n,n,46,n,n,n,12,n,n,n,8,n,n,n,24,n,n,n,20,n,n,n,7,n,n,n,12,n,n,n,7,n,n,n,6,n,n,n
2025-05-31 13:30:00,30,n,n,n,11,n,n,n,7,n,n,n,41,n,n,n,12,n,n,n,6,n,n,n,24,n,n,n,14,n,n,n,16,n,n,n,14,n,n,n,5,n,n,n,8,n,n,n
2025-05-31 14:30:00,28,n,n,n,13,n,n,n,11,n,n,n,38,n,n,n,8,n,n,n,5,n,n,n,20,n,n,n,20,n,n,n,10,n,n,n,12,n,n,n,3,n,n,n,5,n,n,n
2025-05-31 15:30:00,28,n,n,n,12,n,n,n,8,n,n,n,40,n,n,n,7,n,n,n,5,n,n,n,21,n,n,n,14,n,n,n,8,n,n,n,11,n,n,n,6,n,n,n,2,n,n,n
2025-05-31 16:30:00,42,n,n,n,12,n,n,n,7,n,n,n,41,n,n,n,12,n,n,n,13,n,n,n,29,n,n,n,14,n,n,n,16,n,n,n,20,n,n,n,5,n,n,n,3,n,n,n
2025-05-31 17:30:00,28,n,n,n,9,n,n,n,3,n,n,n,46,n,n,n,13,n,n,n,9,n,n,n,28,n,n,n,18,n,n,n,12,n,n,n,45,n,n,n,30,n,n,n,24,n,n,n
2025-05-31 18:30:00,36,n,n,n,17,n,n,n,5,n,n,n,62,n,n,n,30,n,n,n,22,n,n,n,47,n,n,n,33,n,n,n,19,n,n,n,42,n,n,n,23,n,n,n,23,n,n,n
2025-05-31 19:30:00,49,n,n,n,14,n,n,n,5,n,n,n,52,n,n,n,16,n,n,n,9,n,n,n,47,n,n,n,36,n,n,n,23,n,n,n,18,n,n,n,3,n,n,n,5,n,n,n
2025-05-31 20:30:00,41,n,n,n,17,n,n,n,5,n,n,n,63,n,n,n,17,n,n,n,8,n,n,n,65,n,n,n,29,n,n,n,16,n,n,n,17,n,n,n,6,n,n,n,8,n,n,n
2025-05-31 21:30:00,65,n,n,n,23,n,n,n,5,n,n,n,53,n,n,n,14,n,n,n,9,n,n,n,49,n,n,n,30,n,n,n,18,n,n,n,20,n,n,n,7,n,n,n,11,n,n,n
2025-05-31 22:30:00,134,n,n,n,31,n,n,n,3,n,n,n,73,n,n,n,23,n,n,n,17,n,n,n,41,n,n,n,39,n,n,n,16,n,n,n,19,n,n,n,8,n,n,n,9,n,n,n
2025-05-31 23:30:00,52,n,n,n,23,n,n,n,7,n,n,n,55,n,n,n,24,n,n,n,19,n,n,n,31,n,n,n,22,n,n,n,22,n,n,n,18,n,n,n,7,n,n,n,7,n,n,n
